Installed 76 packages in 1.14s


┌──────────────────────────────────────────────────────────────────────────────┐
│                                                                              │
│                                                                              │
│                         ▄▀▀ ▄▀█ █▀▀ ▀█▀ █▀▄▀█ █▀▀ █▀█                        │
│                         █▀  █▀█ ▄▄█  █  █ ▀ █ █▄▄ █▀▀                        │
│                                                                              │
│                                                                              │
│                                                                              │
│                                FastMCP 3.4.5                                 │
│                            https://gofastmcp.com                             │
│                                                                              │
│                 🖥  Server:      mcp-for-unity-server, 3.4.5                  │
│                 🚀 Deploy free: https://horizon.prefect.io                   │
│                                                                              │
└──────────────────────────────────────────────────────────────────────────────┘


[08/02/26 22:06:42] INFO     Starting MCP server                transport.py:361
                             'mcp-for-unity-server' with                        
                             transport 'http' on                                
                             http://127.0.0.1:8080/mcp                          
INFO:     Started server process [68996]
INFO:     Waiting for application startup.
2026-08-02 22:06:43,068 - mcp.server.streamable_http_manager - INFO - StreamableHTTP session manager started
INFO:     Application startup complete.
INFO:     Uvicorn running on http://127.0.0.1:8080 (Press CTRL+C to quit)
2026-08-02 22:07:25,209 - mcp.server.streamable_http_manager - INFO - Created new transport with session ID: 0044f580fed247109c507fd51c36c683
2026-08-02 22:07:35,314 - mcp.server.streamable_http_manager - INFO - Created new transport with session ID: a0b63dd9547f4496a7c8c127eb9c14f0
2026-08-02 22:07:35,346 - mcp.server.streamable_http_manager - INFO - Created new transport with session ID: fa5ab020c6c94466a48355caa541e426
2026-08-02 22:07:39,083 - mcp.server.streamable_http_manager - INFO - Created new transport with session ID: e95870d72b9143ba9fd9a3951ecb6edd
[08/02/26 22:07:39] WARNING  Invalid arguments for tool           server.py:1325
                             'refresh_unity': [{'type':                         
                             'unexpected_keyword_argument',                     
                             'loc': ('wait',), 'msg': 'Unexpected               
                             keyword argument', 'input': True},                 
                             {'type':                                           
                             'unexpected_keyword_argument',                     
                             'loc': ('timeout_sec',), 'msg':                    
                             'Unexpected keyword argument',                     
                             'input': 180}]                                     
2026-08-02 22:07:50,278 - mcp.server.streamable_http_manager - INFO - Created new transport with session ID: 76fa423b661e49978f3f0674ad665912
2026-08-02 22:07:50,290 - transport.plugin_hub - WARNING - No Unity plugin reconnected within 0.00s (instance=default)
2026-08-02 22:08:10,445 - transport.plugin_hub - WARNING - No Unity plugin reconnected within 20.00s (instance=default)
2026-08-02 22:08:30,696 - transport.plugin_hub - WARNING - No Unity plugin reconnected within 20.00s (instance=default)
2026-08-02 22:08:51,112 - transport.plugin_hub - WARNING - No Unity plugin reconnected within 20.00s (instance=default)
2026-08-02 22:08:51,364 - services.tools.refresh_unity - WARNING - refresh_unity: Timed out after 60s waiting for editor to become ready
2026-08-02 22:09:52,757 - mcp.server.streamable_http_manager - INFO - Created new transport with session ID: 5432a43dd51f4fd3a9cee617801b0a27
2026-08-02 22:10:12,794 - transport.plugin_hub - WARNING - No Unity plugin reconnected within 20.00s (instance=default)
2026-08-02 22:10:48,425 - mcp.server.streamable_http_manager - INFO - Created new transport with session ID: d270c0f16ebe431f89e10327dfd82d78
2026-08-02 22:11:08,654 - transport.plugin_hub - WARNING - No Unity plugin reconnected within 20.00s (instance=default)
2026-08-02 22:11:28,756 - mcp.server.streamable_http_manager - INFO - Created new transport with session ID: e575df3550034ffb90a56ba44590777f
2026-08-02 22:11:48,959 - transport.plugin_hub - WARNING - No Unity plugin reconnected within 20.00s (instance=default)
2026-08-02 22:12:09,067 - mcp.server.streamable_http_manager - INFO - Created new transport with session ID: b6488822923a4369803ade943dc3df33
2026-08-02 22:12:29,291 - transport.plugin_hub - WARNING - No Unity plugin reconnected within 20.00s (instance=default)
2026-08-02 22:12:49,381 - mcp.server.streamable_http_manager - INFO - Created new transport with session ID: 44ce80fd3bb84505b82f2e7b5d207169
2026-08-02 22:13:09,527 - transport.plugin_hub - WARNING - No Unity plugin reconnected within 20.00s (instance=default)
2026-08-02 22:13:29,599 - mcp.server.streamable_http_manager - INFO - Created new transport with session ID: d763e6e9219d4f3fa097dbd4c211d302
2026-08-02 22:13:49,774 - transport.plugin_hub - WARNING - No Unity plugin reconnected within 20.00s (instance=default)
2026-08-02 22:14:09,854 - mcp.server.streamable_http_manager - INFO - Created new transport with session ID: 4e1e1610147142628095894138fbab11
2026-08-02 22:14:29,900 - transport.plugin_hub - WARNING - No Unity plugin reconnected within 20.00s (instance=default)
2026-08-02 22:14:50,003 - mcp.server.streamable_http_manager - INFO - Created new transport with session ID: d116dc3accaa416d85eb159faaad547a
2026-08-02 22:15:10,119 - transport.plugin_hub - WARNING - No Unity plugin reconnected within 20.00s (instance=default)
2026-08-02 22:15:30,206 - mcp.server.streamable_http_manager - INFO - Created new transport with session ID: 5ff7a297577d437397e8186a8307b97c
2026-08-02 22:15:50,468 - transport.plugin_hub - WARNING - No Unity plugin reconnected within 20.00s (instance=default)
2026-08-02 22:16:10,563 - mcp.server.streamable_http_manager - INFO - Created new transport with session ID: de608b357e4543ab93ec04387b5ae47c
2026-08-02 22:16:11,612 - mcp.server.streamable_http_manager - INFO - Created new transport with session ID: c65af2a48bef472896c4c5a68fd6e60d
2026-08-02 22:16:11,644 - mcp.server.streamable_http_manager - INFO - Created new transport with session ID: 9ae0734936aa449c8f9f4fec8fffec62
2026-08-02 22:16:30,706 - transport.plugin_hub - WARNING - No Unity plugin reconnected within 20.00s (instance=default)
2026-08-02 22:19:26,693 - mcp.server.streamable_http_manager - INFO - Created new transport with session ID: a1758a2b79504988b7d5b5d5b0a3205b
2026-08-02 22:19:46,928 - transport.plugin_hub - WARNING - No Unity plugin reconnected within 20.00s (instance=default)
2026-08-02 22:20:02,029 - mcp.server.streamable_http_manager - INFO - Created new transport with session ID: b91e985765fe430a9bf5cc5dae363899
2026-08-02 22:20:22,230 - transport.plugin_hub - WARNING - No Unity plugin reconnected within 20.00s (instance=default)
2026-08-02 22:20:37,330 - mcp.server.streamable_http_manager - INFO - Created new transport with session ID: 64fb67292d174d7b9cb0c75f567eb713
2026-08-02 22:20:57,578 - transport.plugin_hub - WARNING - No Unity plugin reconnected within 20.00s (instance=default)
2026-08-02 22:21:12,651 - mcp.server.streamable_http_manager - INFO - Created new transport with session ID: 9b4d3a0f0691478da95322f40eb31163
2026-08-02 22:21:32,896 - transport.plugin_hub - WARNING - No Unity plugin reconnected within 20.00s (instance=default)
2026-08-02 22:21:47,974 - mcp.server.streamable_http_manager - INFO - Created new transport with session ID: 78960e486eb841ea84538c7f79e26b1e
2026-08-02 22:22:08,153 - transport.plugin_hub - WARNING - No Unity plugin reconnected within 20.00s (instance=default)
2026-08-02 22:22:23,224 - mcp.server.streamable_http_manager - INFO - Created new transport with session ID: 513add0b72a8492d88821df6e675ca34
2026-08-02 22:22:43,313 - transport.plugin_hub - WARNING - No Unity plugin reconnected within 20.00s (instance=default)
2026-08-02 22:22:58,397 - mcp.server.streamable_http_manager - INFO - Created new transport with session ID: d2e0e7dc077143bc98866fc3b6be8fc0
2026-08-02 22:23:18,605 - transport.plugin_hub - WARNING - No Unity plugin reconnected within 20.00s (instance=default)
2026-08-02 22:23:33,677 - mcp.server.streamable_http_manager - INFO - Created new transport with session ID: f3d61c87320c4c7fbf76db54f97b1e45
2026-08-02 22:23:53,741 - transport.plugin_hub - WARNING - No Unity plugin reconnected within 20.00s (instance=default)
2026-08-02 22:24:08,824 - mcp.server.streamable_http_manager - INFO - Created new transport with session ID: d3e6f40b9ca346309cec92365aa64535
2026-08-02 22:24:29,066 - transport.plugin_hub - WARNING - No Unity plugin reconnected within 20.00s (instance=default)
2026-08-02 22:28:38,338 - mcp.server.streamable_http_manager - INFO - Created new transport with session ID: 51d0dc2240314c25a108bd9b9588df45
2026-08-02 22:28:58,546 - transport.plugin_hub - WARNING - No Unity plugin reconnected within 20.00s (instance=default)
2026-08-02 22:29:14,154 - mcp.server.streamable_http_manager - INFO - Created new transport with session ID: 34327231cebd41918ec0738fcbafefec
2026-08-02 22:29:34,334 - transport.plugin_hub - WARNING - No Unity plugin reconnected within 20.00s (instance=default)
2026-08-02 22:29:49,419 - mcp.server.streamable_http_manager - INFO - Created new transport with session ID: d529057219f348dc97430237c826f60d
2026-08-02 22:30:09,539 - transport.plugin_hub - WARNING - No Unity plugin reconnected within 20.00s (instance=default)
2026-08-02 22:30:24,624 - mcp.server.streamable_http_manager - INFO - Created new transport with session ID: 2138e8891e4843eaa1e185a6196a179f
2026-08-02 22:30:44,795 - transport.plugin_hub - WARNING - No Unity plugin reconnected within 20.00s (instance=default)
2026-08-02 22:30:55,942 - mcp.server.streamable_http_manager - INFO - Created new transport with session ID: ba53ac59c5b1492fb05b24ad2decea0f
2026-08-02 22:31:16,187 - transport.plugin_hub - WARNING - No Unity plugin reconnected within 20.00s (instance=default)
INFO:     127.0.0.1:58037 - "WebSocket /hub/plugin" [accepted]
INFO:     connection open
2026-08-02 22:32:41,985 - transport.plugin_hub - INFO - Plugin registered: Luoxia-Unity (d5eb6b2ef12e6fb8)
2026-08-02 22:32:42,523 - transport.plugin_hub - INFO - Registered 34 tools for session 5542ea77-cdef-414b-8620-a91bb221f20d
2026-08-02 22:32:42,523 - transport.plugin_hub - INFO - Server-level tool visibility synced from Unity: enabled=[animation, asset_gen, core, docs, probuilder, profiling, scripting_ext, testing, ui, vfx], disabled=[], total_transforms=19, unity_start=9
2026-08-02 22:32:42,528 - transport.plugin_hub - INFO - Sent tools/list_changed notification to 31 MCP session(s)
2026-08-02 22:33:22,738 - mcp.server.streamable_http_manager - INFO - Created new transport with session ID: 05ea9c6b953146d58417b8b56befd2e1
2026-08-02 22:33:40,357 - mcp.server.streamable_http_manager - INFO - Created new transport with session ID: cb5f28203f074b47b195fd88d51c1e14
2026-08-02 22:33:42,545 - transport.plugin_hub - INFO - Plugin session 5542ea77-cdef-414b-8620-a91bb221f20d disconnected (1005)
2026-08-02 22:33:42,545 - services.tools.refresh_unity - INFO - refresh_unity: Connection lost during compile (expected - domain reload triggered)
INFO:     127.0.0.1:61549 - "WebSocket /hub/plugin" [accepted]
INFO:     connection open
2026-08-02 22:33:45,227 - transport.plugin_hub - INFO - Plugin registered: Luoxia-Unity (d5eb6b2ef12e6fb8)
2026-08-02 22:33:48,588 - transport.plugin_hub - INFO - Registered 34 tools for session 4cc9b6e7-1521-42a5-acba-6366f6b57b13
2026-08-02 22:33:48,588 - transport.plugin_hub - INFO - Server-level tool visibility synced from Unity: enabled=[animation, asset_gen, core, docs, probuilder, profiling, scripting_ext, testing, ui, vfx], disabled=[], total_transforms=19, unity_start=9
2026-08-02 22:33:48,590 - transport.plugin_hub - INFO - Sent tools/list_changed notification to 33 MCP session(s)
2026-08-02 22:33:58,876 - mcp.server.streamable_http_manager - INFO - Created new transport with session ID: 7dadf650feb14fc0a64ba7ea1dac6c54
[08/02/26 22:33:58] WARNING  Invalid arguments for tool           server.py:1325
                             'manage_editor': [{'type':                         
                             'literal_error', 'loc': ('action',),               
                             'msg': "Input should be                            
                             'telemetry_status',                                
                             'telemetry_ping', 'play', 'pause',                 
                             'stop', 'set_active_tool',                         
                             'add_tag', 'remove_tag',                           
                             'add_layer', 'remove_layer',                       
                             'deploy_package', 'restore_package',               
                             'undo' or 'redo'", 'input':                        
                             'get_state', 'ctx': {'expected':                   
                             "'telemetry_status',                               
                             'telemetry_ping', 'play', 'pause',                 
                             'stop', 'set_active_tool',                         
                             'add_tag', 'remove_tag',                           
                             'add_layer', 'remove_layer',                       
                             'deploy_package', 'restore_package',               
                             'undo' or 'redo'"}}]                               
2026-08-02 22:34:13,500 - mcp.server.streamable_http_manager - INFO - Created new transport with session ID: 6d961d59948a4457a46b1104719621aa
2026-08-02 22:34:34,700 - mcp.server.streamable_http_manager - INFO - Created new transport with session ID: 14ffafe70fb34cf9a8202cedfebff970
2026-08-02 22:34:50,980 - transport.plugin_hub - INFO - Plugin session 4cc9b6e7-1521-42a5-acba-6366f6b57b13 disconnected (1005)
INFO:     127.0.0.1:54052 - "WebSocket /hub/plugin" [accepted]
INFO:     connection open
2026-08-02 22:34:52,741 - transport.plugin_hub - INFO - Plugin registered: Luoxia-Unity (d5eb6b2ef12e6fb8)
2026-08-02 22:34:53,372 - transport.plugin_hub - INFO - Registered 34 tools for session d50cab9e-e8db-4cc0-b166-f24df7310602
2026-08-02 22:34:53,387 - transport.plugin_hub - INFO - Server-level tool visibility synced from Unity: enabled=[animation, asset_gen, core, docs, probuilder, profiling, scripting_ext, testing, ui, vfx], disabled=[], total_transforms=19, unity_start=9
2026-08-02 22:34:53,390 - transport.plugin_hub - INFO - Sent tools/list_changed notification to 36 MCP session(s)
2026-08-02 22:42:23,900 - transport.plugin_hub - INFO - Plugin session d50cab9e-e8db-4cc0-b166-f24df7310602 disconnected (1005)
2026-08-02 22:55:08,126 - mcp.server.streamable_http_manager - INFO - Created new transport with session ID: 9456f1c0b4eb47089849ca814a971b33
2026-08-02 22:55:28,142 - transport.plugin_hub - WARNING - No Unity plugin reconnected within 20.00s (instance=default)
2026-08-02 22:55:53,255 - mcp.server.streamable_http_manager - INFO - Created new transport with session ID: 1c66ebea6663400dabbfb4dbf69123f5
2026-08-02 22:56:13,368 - transport.plugin_hub - WARNING - No Unity plugin reconnected within 20.00s (instance=default)
2026-08-02 22:56:38,448 - mcp.server.streamable_http_manager - INFO - Created new transport with session ID: c7f8a00c05884d02a2547ab3fa670347
2026-08-02 22:56:58,702 - transport.plugin_hub - WARNING - No Unity plugin reconnected within 20.00s (instance=default)
2026-08-02 22:57:23,797 - mcp.server.streamable_http_manager - INFO - Created new transport with session ID: fae8951ece5b4bc8afbbcc8398624d93
2026-08-02 22:57:43,924 - transport.plugin_hub - WARNING - No Unity plugin reconnected within 20.00s (instance=default)
2026-08-02 22:58:09,011 - mcp.server.streamable_http_manager - INFO - Created new transport with session ID: 1665e557437747bcade9a2d2d7ce1c91
2026-08-02 22:58:29,271 - transport.plugin_hub - WARNING - No Unity plugin reconnected within 20.00s (instance=default)
2026-08-02 22:58:54,354 - mcp.server.streamable_http_manager - INFO - Created new transport with session ID: f88236f6264d43f5a96038c823178c4a
2026-08-02 22:59:14,623 - transport.plugin_hub - WARNING - No Unity plugin reconnected within 20.00s (instance=default)
2026-08-02 22:59:39,713 - mcp.server.streamable_http_manager - INFO - Created new transport with session ID: 46f0bf6734f44993bf12e5453ec8e372
2026-08-02 22:59:59,889 - transport.plugin_hub - WARNING - No Unity plugin reconnected within 20.00s (instance=default)
2026-08-02 23:00:24,960 - mcp.server.streamable_http_manager - INFO - Created new transport with session ID: 2d68ae7598e04977a536a50de64ecce5
2026-08-02 23:00:45,158 - transport.plugin_hub - WARNING - No Unity plugin reconnected within 20.00s (instance=default)
2026-08-02 23:01:10,241 - mcp.server.streamable_http_manager - INFO - Created new transport with session ID: 5d2593f8b9404b538988b5b68911ab07
2026-08-02 23:01:30,254 - transport.plugin_hub - WARNING - No Unity plugin reconnected within 20.00s (instance=default)
2026-08-02 23:01:55,334 - mcp.server.streamable_http_manager - INFO - Created new transport with session ID: 51e4a62d89d24728939acb97ae7c7da9
2026-08-02 23:02:15,542 - transport.plugin_hub - WARNING - No Unity plugin reconnected within 20.00s (instance=default)
2026-08-02 23:02:40,622 - mcp.server.streamable_http_manager - INFO - Created new transport with session ID: 191166b7b860406abf910b63dcee013e
INFO:     127.0.0.1:65201 - "WebSocket /hub/plugin" [accepted]
INFO:     connection open
2026-08-02 23:02:51,624 - transport.plugin_hub - INFO - Plugin registered: Luoxia-Unity (d5eb6b2ef12e6fb8)
2026-08-02 23:02:53,836 - transport.plugin_hub - INFO - Registered 34 tools for session 6d7b2838-b2a8-49ff-b03c-38289acab2b2
2026-08-02 23:02:53,837 - transport.plugin_hub - INFO - Server-level tool visibility synced from Unity: enabled=[animation, asset_gen, core, docs, probuilder, profiling, scripting_ext, testing, ui, vfx], disabled=[], total_transforms=19, unity_start=9
2026-08-02 23:02:53,839 - transport.plugin_hub - INFO - Sent tools/list_changed notification to 47 MCP session(s)
2026-08-02 23:03:39,884 - mcp.server.streamable_http_manager - INFO - Created new transport with session ID: fa63f00cbafb4c5b82f43a3ec2a58dfe
2026-08-02 23:03:51,582 - mcp.server.streamable_http_manager - INFO - Created new transport with session ID: 4b1cc7dbd10f4c3aa44349090e08f92e
2026-08-02 23:04:02,795 - transport.plugin_hub - INFO - Plugin session 6d7b2838-b2a8-49ff-b03c-38289acab2b2 disconnected (1005)
INFO:     127.0.0.1:61705 - "WebSocket /hub/plugin" [accepted]
INFO:     connection open
2026-08-02 23:04:04,621 - transport.plugin_hub - INFO - Plugin registered: Luoxia-Unity (d5eb6b2ef12e6fb8)
2026-08-02 23:04:05,219 - transport.plugin_hub - INFO - Registered 34 tools for session 327a59c6-6463-4e72-bffc-9775f0c50ce0
2026-08-02 23:04:05,225 - transport.plugin_hub - INFO - Server-level tool visibility synced from Unity: enabled=[animation, asset_gen, core, docs, probuilder, profiling, scripting_ext, testing, ui, vfx], disabled=[], total_transforms=19, unity_start=9
2026-08-02 23:04:05,226 - transport.plugin_hub - INFO - Sent tools/list_changed notification to 49 MCP session(s)
2026-08-02 23:05:46,297 - transport.plugin_hub - INFO - Plugin session 327a59c6-6463-4e72-bffc-9775f0c50ce0 disconnected (1005)
2026-08-02 23:08:14,619 - mcp.server.streamable_http_manager - INFO - Created new transport with session ID: a93bad11aa294edfa8af90b459d81e99
2026-08-02 23:08:14,645 - mcp.server.streamable_http_manager - INFO - Created new transport with session ID: b0748d22dcf6417cbec591032be1deed
2026-08-02 23:13:08,670 - mcp.server.streamable_http_manager - INFO - Created new transport with session ID: dc2dbaf2cd854e10aaa0a949ec403805
2026-08-02 23:13:08,687 - mcp.server.streamable_http_manager - INFO - Created new transport with session ID: c765028b0d334f9fa18a69a55638bcba
2026-08-02 23:13:52,619 - mcp.server.streamable_http_manager - INFO - Created new transport with session ID: 07d260d0b5f14964a1b2972f420a1fa2
2026-08-02 23:13:52,628 - mcp.server.streamable_http_manager - INFO - Created new transport with session ID: 96906da088b14706b668318a69e39265
2026-08-02 23:19:01,582 - mcp.server.streamable_http_manager - INFO - Created new transport with session ID: 8f424903599d4cdbbedf17a625144e95
2026-08-02 23:19:01,593 - mcp.server.streamable_http_manager - INFO - Created new transport with session ID: 7c930974615a4f10ab076f1b0337cbe9
2026-08-02 23:19:14,733 - mcp.server.streamable_http_manager - INFO - Created new transport with session ID: 7cd3c9d5ce9640458fb276eb2394efb4
2026-08-02 23:19:34,879 - transport.plugin_hub - WARNING - No Unity plugin reconnected within 20.00s (instance=default)
2026-08-02 23:19:49,978 - mcp.server.streamable_http_manager - INFO - Created new transport with session ID: 3c50b266fa9b4861a8034240a51b3486
2026-08-02 23:20:10,101 - transport.plugin_hub - WARNING - No Unity plugin reconnected within 20.00s (instance=default)
2026-08-02 23:20:25,188 - mcp.server.streamable_http_manager - INFO - Created new transport with session ID: b56e50d532cf460986ea2d30f4ac47c6
2026-08-02 23:20:45,193 - transport.plugin_hub - WARNING - No Unity plugin reconnected within 20.00s (instance=default)
2026-08-02 23:21:00,276 - mcp.server.streamable_http_manager - INFO - Created new transport with session ID: 5f7f479e8fb1409eab563825c56b9ba9
2026-08-02 23:21:20,530 - transport.plugin_hub - WARNING - No Unity plugin reconnected within 20.00s (instance=default)
2026-08-02 23:21:35,609 - mcp.server.streamable_http_manager - INFO - Created new transport with session ID: 28edb52df0d74ce88cfa6237495a558e
2026-08-02 23:21:55,659 - transport.plugin_hub - WARNING - No Unity plugin reconnected within 20.00s (instance=default)
2026-08-02 23:22:10,741 - mcp.server.streamable_http_manager - INFO - Created new transport with session ID: a88d0f8ad7ca421ba813fc4fc8680e5c
2026-08-02 23:22:30,955 - transport.plugin_hub - WARNING - No Unity plugin reconnected within 20.00s (instance=default)
2026-08-02 23:22:46,036 - mcp.server.streamable_http_manager - INFO - Created new transport with session ID: f971bd0316294d3c8c2ac135a0202758
2026-08-02 23:23:06,188 - transport.plugin_hub - WARNING - No Unity plugin reconnected within 20.00s (instance=default)
2026-08-02 23:23:21,260 - mcp.server.streamable_http_manager - INFO - Created new transport with session ID: 4e5530b6fd09441cb273fff2ab72731f
2026-08-02 23:23:41,380 - transport.plugin_hub - WARNING - No Unity plugin reconnected within 20.00s (instance=default)
2026-08-02 23:23:56,466 - mcp.server.streamable_http_manager - INFO - Created new transport with session ID: 455f418b0ed440039400cb52f1ac9dc8
2026-08-02 23:24:16,659 - transport.plugin_hub - WARNING - No Unity plugin reconnected within 20.00s (instance=default)
2026-08-02 23:24:31,747 - mcp.server.streamable_http_manager - INFO - Created new transport with session ID: 507119b33e3840b48e6babb944b98189
2026-08-02 23:24:51,918 - transport.plugin_hub - WARNING - No Unity plugin reconnected within 20.00s (instance=default)
2026-08-02 23:25:06,988 - mcp.server.streamable_http_manager - INFO - Created new transport with session ID: 9aa8ab7e93484a649263d38a7993a267
2026-08-02 23:25:27,208 - transport.plugin_hub - WARNING - No Unity plugin reconnected within 20.00s (instance=default)
2026-08-02 23:25:58,123 - mcp.server.streamable_http_manager - INFO - Created new transport with session ID: 520a7a6d95434de18605f4c990ade31d
2026-08-02 23:26:18,333 - transport.plugin_hub - WARNING - No Unity plugin reconnected within 20.00s (instance=default)
2026-08-02 23:26:28,416 - mcp.server.streamable_http_manager - INFO - Created new transport with session ID: b604cb9e9a3d42f39307ee67cedae8d3
INFO:     127.0.0.1:61150 - "WebSocket /hub/plugin" [accepted]
INFO:     connection open
2026-08-02 23:26:31,002 - transport.plugin_hub - INFO - Plugin registered: Luoxia-Unity (d5eb6b2ef12e6fb8)
2026-08-02 23:26:33,267 - transport.plugin_hub - INFO - Registered 34 tools for session 082a09bb-d5b8-43f7-8380-822b790d7efd
2026-08-02 23:26:33,267 - transport.plugin_hub - INFO - Server-level tool visibility synced from Unity: enabled=[animation, asset_gen, core, docs, probuilder, profiling, scripting_ext, testing, ui, vfx], disabled=[], total_transforms=19, unity_start=9
2026-08-02 23:26:33,272 - transport.plugin_hub - INFO - Sent tools/list_changed notification to 70 MCP session(s)
2026-08-02 23:26:43,909 - mcp.server.streamable_http_manager - INFO - Created new transport with session ID: 84ff4330c2e64739b4c49bc1a6b6d052
2026-08-02 23:27:10,861 - mcp.server.streamable_http_manager - INFO - Created new transport with session ID: d3d1e18fe225477d891336c42705960e
2026-08-02 23:27:20,143 - mcp.server.streamable_http_manager - INFO - Created new transport with session ID: 35d6031c94d24708ae4ba97a7f11888c
2026-08-02 23:28:26,364 - mcp.server.streamable_http_manager - INFO - Created new transport with session ID: 1ed248da1e3744089a61f09f9c5e0b66
2026-08-02 23:28:34,713 - mcp.server.streamable_http_manager - INFO - Created new transport with session ID: 19296fbc444342e4a35e1cce0ecaced3
2026-08-02 23:28:46,314 - mcp.server.streamable_http_manager - INFO - Created new transport with session ID: 033da6194f5a4ab98dd7124247a166a9
2026-08-02 23:29:44,375 - mcp.server.streamable_http_manager - INFO - Created new transport with session ID: d1901172cfc44e0ca28f4e8554ee0652
2026-08-02 23:29:53,529 - mcp.server.streamable_http_manager - INFO - Created new transport with session ID: 9c86c0582d7147afb0c961eeafceb92d
2026-08-02 23:29:53,673 - mcp.server.streamable_http_manager - INFO - Created new transport with session ID: 4ddf57af051c4c2e8153212b85e4d439
2026-08-02 23:29:53,765 - mcp.server.streamable_http_manager - INFO - Created new transport with session ID: 73b1b8b4a012461b881b0a6a8b92feae
2026-08-02 23:29:53,859 - mcp.server.streamable_http_manager - INFO - Created new transport with session ID: 5c613c218bbd4b2e883c62d19d94c28d
2026-08-02 23:30:03,717 - mcp.server.streamable_http_manager - INFO - Created new transport with session ID: 2f859c18deef43858ef9c11e57d20f48
[08/02/26 23:30:03] WARNING  Invalid arguments for tool           server.py:1325
                             'manage_gameobject': [{'type':                     
                             'literal_error', 'loc': ('action',),               
                             'msg': "Input should be 'create',                  
                             'modify', 'delete', 'duplicate',                   
                             'move_relative' or 'look_at'",                     
                             'input': 'get_components', 'ctx':                  
                             {'expected': "'create', 'modify',                  
                             'delete', 'duplicate',                             
                             'move_relative' or 'look_at'"}},                   
                             {'type':                                           
                             'unexpected_keyword_argument',                     
                             'loc': ('include_properties',),                    
                             'msg': 'Unexpected keyword                         
                             argument', 'input': True}]                         
2026-08-02 23:30:03,859 - mcp.server.streamable_http_manager - INFO - Created new transport with session ID: c33f50475d954150bd9fa3afdb07a4e4
                    WARNING  Invalid arguments for tool           server.py:1325
                             'manage_components': [{'type':                     
                             'missing_argument', 'loc':                         
                             ('action',), 'msg': 'Missing                       
                             required argument', 'input':                       
                             {'target':                                         
                             'MainWorldCanvas/DesignRoot/SceneLay               
                             er/Portrait', 'include_properties':                
                             ['m_AnchorMin', 'm_AnchorMax']}},                  
                             {'type': 'missing_argument', 'loc':                
                             ('component_type',), 'msg': 'Missing               
                             required argument', 'input':                       
                             {'target':                                         
                             'MainWorldCanvas/DesignRoot/SceneLay               
                             er/Portrait', 'include_properties':                
                             ['m_AnchorMin', 'm_AnchorMax']}},                  
                             {'type':                                           
                             'unexpected_keyword_argument',                     
                             'loc': ('include_properties',),                    
                             'msg': 'Unexpected keyword                         
                             argument', 'input': ['m_AnchorMin',                
                             'm_AnchorMax']}]                                   
2026-08-02 23:30:44,899 - mcp.server.streamable_http_manager - INFO - Created new transport with session ID: d9f7d300e7a442bfadcb923d05d57ea8
2026-08-02 23:34:11,397 - transport.plugin_hub - INFO - Plugin session 082a09bb-d5b8-43f7-8380-822b790d7efd disconnected (1005)
INFO:     127.0.0.1:57979 - "WebSocket /hub/plugin" [accepted]
INFO:     connection open
2026-08-02 23:34:13,228 - transport.plugin_hub - INFO - Plugin registered: Luoxia-Unity (d5eb6b2ef12e6fb8)
2026-08-02 23:34:13,706 - transport.plugin_hub - INFO - Registered 34 tools for session 460a355d-512f-41d2-bf92-be524de118c9
2026-08-02 23:34:13,712 - transport.plugin_hub - INFO - Server-level tool visibility synced from Unity: enabled=[animation, asset_gen, core, docs, probuilder, profiling, scripting_ext, testing, ui, vfx], disabled=[], total_transforms=19, unity_start=9
2026-08-02 23:34:13,716 - transport.plugin_hub - INFO - Sent tools/list_changed notification to 84 MCP session(s)
2026-08-02 23:39:12,256 - mcp.server.streamable_http_manager - INFO - Created new transport with session ID: 915f46d339b046639b34be2bd6bd9982
2026-08-02 23:40:29,775 - mcp.server.streamable_http_manager - INFO - Created new transport with session ID: 402b474607c64f01b16a2317bb1877e5
2026-08-02 23:40:39,927 - transport.plugin_hub - INFO - Plugin session 460a355d-512f-41d2-bf92-be524de118c9 disconnected (1005)
INFO:     127.0.0.1:56617 - "WebSocket /hub/plugin" [accepted]
INFO:     connection open
2026-08-02 23:40:42,000 - transport.plugin_hub - INFO - Plugin registered: Luoxia-Unity (d5eb6b2ef12e6fb8)
2026-08-02 23:40:42,230 - transport.plugin_hub - INFO - Registered 34 tools for session 3e22a14f-dfb6-493e-a6b0-571717318c26
2026-08-02 23:40:42,231 - transport.plugin_hub - INFO - Server-level tool visibility synced from Unity: enabled=[animation, asset_gen, core, docs, probuilder, profiling, scripting_ext, testing, ui, vfx], disabled=[], total_transforms=19, unity_start=9
2026-08-02 23:40:42,235 - transport.plugin_hub - INFO - Sent tools/list_changed notification to 86 MCP session(s)
2026-08-02 23:40:45,114 - mcp.server.streamable_http_manager - INFO - Created new transport with session ID: d9838a06475e4a2c931917ef0574ffdb
2026-08-02 23:41:13,047 - mcp.server.streamable_http_manager - INFO - Created new transport with session ID: e1fc5f3c9c5b455c89253b4d6212cdb5
2026-08-02 23:41:13,055 - root - WARNING - Failed to validate request: 31 validation errors for ClientRequest
PingRequest.method
  Input should be 'ping' [type=literal_error, input_value='notifications/initialized', input_type=str]
    For further information visit https://errors.pydantic.dev/2.13/v/literal_error
InitializeRequest.method
  Input should be 'initialize' [type=literal_error, input_value='notifications/initialized', input_type=str]
    For further information visit https://errors.pydantic.dev/2.13/v/literal_error
InitializeRequest.params.protocolVersion
  Field required [type=missing, input_value={}, input_type=dict]
    For further information visit https://errors.pydantic.dev/2.13/v/missing
InitializeRequest.params.capabilities
  Field required [type=missing, input_value={}, input_type=dict]
    For further information visit https://errors.pydantic.dev/2.13/v/missing
InitializeRequest.params.clientInfo
  Field required [type=missing, input_value={}, input_type=dict]
    For further information visit https://errors.pydantic.dev/2.13/v/missing
CompleteRequest.method
  Input should be 'completion/complete' [type=literal_error, input_value='notifications/initialized', input_type=str]
    For further information visit https://errors.pydantic.dev/2.13/v/literal_error
CompleteRequest.params.ref
  Field required [type=missing, input_value={}, input_type=dict]
    For further information visit https://errors.pydantic.dev/2.13/v/missing
CompleteRequest.params.argument
  Field required [type=missing, input_value={}, input_type=dict]
    For further information visit https://errors.pydantic.dev/2.13/v/missing
SetLevelRequest.method
  Input should be 'logging/setLevel' [type=literal_error, input_value='notifications/initialized', input_type=str]
    For further information visit https://errors.pydantic.dev/2.13/v/literal_error
SetLevelRequest.params.level
  Field required [type=missing, input_value={}, input_type=dict]
    For further information visit https://errors.pydantic.dev/2.13/v/missing
GetPromptRequest.method
  Input should be 'prompts/get' [type=literal_error, input_value='notifications/initialized', input_type=str]
    For further information visit https://errors.pydantic.dev/2.13/v/literal_error
GetPromptRequest.params.name
  Field required [type=missing, input_value={}, input_type=dict]
    For further information visit https://errors.pydantic.dev/2.13/v/missing
ListPromptsRequest.method
  Input should be 'prompts/list' [type=literal_error, input_value='notifications/initialized', input_type=str]
    For further information visit https://errors.pydantic.dev/2.13/v/literal_error
ListResourcesRequest.method
  Input should be 'resources/list' [type=literal_error, input_value='notifications/initialized', input_type=str]
    For further information visit https://errors.pydantic.dev/2.13/v/literal_error
ListResourceTemplatesRequest.method
  Input should be 'resources/templates/list' [type=literal_error, input_value='notifications/initialized', input_type=str]
    For further information visit https://errors.pydantic.dev/2.13/v/literal_error
ReadResourceRequest.method
  Input should be 'resources/read' [type=literal_error, input_value='notifications/initialized', input_type=str]
    For further information visit https://errors.pydantic.dev/2.13/v/literal_error
ReadResourceRequest.params.uri
  Field required [type=missing, input_value={}, input_type=dict]
    For further information visit https://errors.pydantic.dev/2.13/v/missing
SubscribeRequest.method
  Input should be 'resources/subscribe' [type=literal_error, input_value='notifications/initialized', input_type=str]
    For further information visit https://errors.pydantic.dev/2.13/v/literal_error
SubscribeRequest.params.uri
  Field required [type=missing, input_value={}, input_type=dict]
    For further information visit https://errors.pydantic.dev/2.13/v/missing
UnsubscribeRequest.method
  Input should be 'resources/unsubscribe' [type=literal_error, input_value='notifications/initialized', input_type=str]
    For further information visit https://errors.pydantic.dev/2.13/v/literal_error
UnsubscribeRequest.params.uri
  Field required [type=missing, input_value={}, input_type=dict]
    For further information visit https://errors.pydantic.dev/2.13/v/missing
CallToolRequest.method
  Input should be 'tools/call' [type=literal_error, input_value='notifications/initialized', input_type=str]
    For further information visit https://errors.pydantic.dev/2.13/v/literal_error
CallToolRequest.params.name
  Field required [type=missing, input_value={}, input_type=dict]
    For further information visit https://errors.pydantic.dev/2.13/v/missing
ListToolsRequest.method
  Input should be 'tools/list' [type=literal_error, input_value='notifications/initialized', input_type=str]
    For further information visit https://errors.pydantic.dev/2.13/v/literal_error
GetTaskRequest.method
  Input should be 'tasks/get' [type=literal_error, input_value='notifications/initialized', input_type=str]
    For further information visit https://errors.pydantic.dev/2.13/v/literal_error
GetTaskRequest.params.taskId
  Field required [type=missing, input_value={}, input_type=dict]
    For further information visit https://errors.pydantic.dev/2.13/v/missing
GetTaskPayloadRequest.method
  Input should be 'tasks/result' [type=literal_error, input_value='notifications/initialized', input_type=str]
    For further information visit https://errors.pydantic.dev/2.13/v/literal_error
GetTaskPayloadRequest.params.taskId
  Field required [type=missing, input_value={}, input_type=dict]
    For further information visit https://errors.pydantic.dev/2.13/v/missing
ListTasksRequest.method
  Input should be 'tasks/list' [type=literal_error, input_value='notifications/initialized', input_type=str]
    For further information visit https://errors.pydantic.dev/2.13/v/literal_error
CancelTaskRequest.method
  Input should be 'tasks/cancel' [type=literal_error, input_value='notifications/initialized', input_type=str]
    For further information visit https://errors.pydantic.dev/2.13/v/literal_error
CancelTaskRequest.params.taskId
  Field required [type=missing, input_value={}, input_type=dict]
    For further information visit https://errors.pydantic.dev/2.13/v/missing
2026-08-02 23:41:27,238 - mcp.server.streamable_http_manager - INFO - Created new transport with session ID: daea41a81a36456f8f01263f962842ad
2026-08-02 23:41:27,248 - root - WARNING - Failed to validate request: 31 validation errors for ClientRequest
PingRequest.method
  Input should be 'ping' [type=literal_error, input_value='notifications/initialized', input_type=str]
    For further information visit https://errors.pydantic.dev/2.13/v/literal_error
InitializeRequest.method
  Input should be 'initialize' [type=literal_error, input_value='notifications/initialized', input_type=str]
    For further information visit https://errors.pydantic.dev/2.13/v/literal_error
InitializeRequest.params.protocolVersion
  Field required [type=missing, input_value={}, input_type=dict]
    For further information visit https://errors.pydantic.dev/2.13/v/missing
InitializeRequest.params.capabilities
  Field required [type=missing, input_value={}, input_type=dict]
    For further information visit https://errors.pydantic.dev/2.13/v/missing
InitializeRequest.params.clientInfo
  Field required [type=missing, input_value={}, input_type=dict]
    For further information visit https://errors.pydantic.dev/2.13/v/missing
CompleteRequest.method
  Input should be 'completion/complete' [type=literal_error, input_value='notifications/initialized', input_type=str]
    For further information visit https://errors.pydantic.dev/2.13/v/literal_error
CompleteRequest.params.ref
  Field required [type=missing, input_value={}, input_type=dict]
    For further information visit https://errors.pydantic.dev/2.13/v/missing
CompleteRequest.params.argument
  Field required [type=missing, input_value={}, input_type=dict]
    For further information visit https://errors.pydantic.dev/2.13/v/missing
SetLevelRequest.method
  Input should be 'logging/setLevel' [type=literal_error, input_value='notifications/initialized', input_type=str]
    For further information visit https://errors.pydantic.dev/2.13/v/literal_error
SetLevelRequest.params.level
  Field required [type=missing, input_value={}, input_type=dict]
    For further information visit https://errors.pydantic.dev/2.13/v/missing
GetPromptRequest.method
  Input should be 'prompts/get' [type=literal_error, input_value='notifications/initialized', input_type=str]
    For further information visit https://errors.pydantic.dev/2.13/v/literal_error
GetPromptRequest.params.name
  Field required [type=missing, input_value={}, input_type=dict]
    For further information visit https://errors.pydantic.dev/2.13/v/missing
ListPromptsRequest.method
  Input should be 'prompts/list' [type=literal_error, input_value='notifications/initialized', input_type=str]
    For further information visit https://errors.pydantic.dev/2.13/v/literal_error
ListResourcesRequest.method
  Input should be 'resources/list' [type=literal_error, input_value='notifications/initialized', input_type=str]
    For further information visit https://errors.pydantic.dev/2.13/v/literal_error
ListResourceTemplatesRequest.method
  Input should be 'resources/templates/list' [type=literal_error, input_value='notifications/initialized', input_type=str]
    For further information visit https://errors.pydantic.dev/2.13/v/literal_error
ReadResourceRequest.method
  Input should be 'resources/read' [type=literal_error, input_value='notifications/initialized', input_type=str]
    For further information visit https://errors.pydantic.dev/2.13/v/literal_error
ReadResourceRequest.params.uri
  Field required [type=missing, input_value={}, input_type=dict]
    For further information visit https://errors.pydantic.dev/2.13/v/missing
SubscribeRequest.method
  Input should be 'resources/subscribe' [type=literal_error, input_value='notifications/initialized', input_type=str]
    For further information visit https://errors.pydantic.dev/2.13/v/literal_error
SubscribeRequest.params.uri
  Field required [type=missing, input_value={}, input_type=dict]
    For further information visit https://errors.pydantic.dev/2.13/v/missing
UnsubscribeRequest.method
  Input should be 'resources/unsubscribe' [type=literal_error, input_value='notifications/initialized', input_type=str]
    For further information visit https://errors.pydantic.dev/2.13/v/literal_error
UnsubscribeRequest.params.uri
  Field required [type=missing, input_value={}, input_type=dict]
    For further information visit https://errors.pydantic.dev/2.13/v/missing
CallToolRequest.method
  Input should be 'tools/call' [type=literal_error, input_value='notifications/initialized', input_type=str]
    For further information visit https://errors.pydantic.dev/2.13/v/literal_error
CallToolRequest.params.name
  Field required [type=missing, input_value={}, input_type=dict]
    For further information visit https://errors.pydantic.dev/2.13/v/missing
ListToolsRequest.method
  Input should be 'tools/list' [type=literal_error, input_value='notifications/initialized', input_type=str]
    For further information visit https://errors.pydantic.dev/2.13/v/literal_error
GetTaskRequest.method
  Input should be 'tasks/get' [type=literal_error, input_value='notifications/initialized', input_type=str]
    For further information visit https://errors.pydantic.dev/2.13/v/literal_error
GetTaskRequest.params.taskId
  Field required [type=missing, input_value={}, input_type=dict]
    For further information visit https://errors.pydantic.dev/2.13/v/missing
GetTaskPayloadRequest.method
  Input should be 'tasks/result' [type=literal_error, input_value='notifications/initialized', input_type=str]
    For further information visit https://errors.pydantic.dev/2.13/v/literal_error
GetTaskPayloadRequest.params.taskId
  Field required [type=missing, input_value={}, input_type=dict]
    For further information visit https://errors.pydantic.dev/2.13/v/missing
ListTasksRequest.method
  Input should be 'tasks/list' [type=literal_error, input_value='notifications/initialized', input_type=str]
    For further information visit https://errors.pydantic.dev/2.13/v/literal_error
CancelTaskRequest.method
  Input should be 'tasks/cancel' [type=literal_error, input_value='notifications/initialized', input_type=str]
    For further information visit https://errors.pydantic.dev/2.13/v/literal_error
CancelTaskRequest.params.taskId
  Field required [type=missing, input_value={}, input_type=dict]
    For further information visit https://errors.pydantic.dev/2.13/v/missing
2026-08-02 23:41:41,372 - transport.plugin_hub - INFO - Plugin session 3e22a14f-dfb6-493e-a6b0-571717318c26 disconnected (1005)
2026-08-02 23:41:41,373 - services.tools.refresh_unity - INFO - refresh_unity: Connection lost during compile (expected - domain reload triggered)
INFO:     127.0.0.1:56965 - "WebSocket /hub/plugin" [accepted]
INFO:     connection open
2026-08-02 23:41:43,461 - transport.plugin_hub - INFO - Plugin registered: Luoxia-Unity (d5eb6b2ef12e6fb8)
2026-08-02 23:42:23,466 - transport.plugin_hub - WARNING - [Ping] Failed to send ping to session c8f88567-ec36-4c47-9e41-4d8f3a604879: . Connection likely dead.
2026-08-02 23:42:23,467 - transport.plugin_hub - INFO - Plugin session c8f88567-ec36-4c47-9e41-4d8f3a604879 disconnected (1005)
INFO:     127.0.0.1:63276 - "WebSocket /hub/plugin" [accepted]
INFO:     connection open
2026-08-02 23:42:28,483 - transport.plugin_hub - INFO - Plugin registered: Luoxia-Unity (d5eb6b2ef12e6fb8)
2026-08-02 23:42:42,741 - services.tools.refresh_unity - WARNING - refresh_unity: Timed out after 60s waiting for editor to become ready
2026-08-02 23:43:08,491 - transport.plugin_hub - WARNING - [Ping] Failed to send ping to session 325f74c0-6079-4805-a1d6-b3af6ec9e6d1: Unexpected ASGI message 'websocket.send', after sending 'websocket.close'.. Connection likely dead.
2026-08-02 23:43:08,496 - transport.plugin_hub - INFO - Plugin session 325f74c0-6079-4805-a1d6-b3af6ec9e6d1 disconnected (1005)
INFO:     127.0.0.1:51989 - "WebSocket /hub/plugin" [accepted]
INFO:     connection open
2026-08-02 23:43:13,496 - transport.plugin_hub - INFO - Plugin registered: Luoxia-Unity (d5eb6b2ef12e6fb8)
2026-08-02 23:43:20,054 - mcp.server.streamable_http_manager - INFO - Created new transport with session ID: c39a957cfc964781a449c30f3ed75d31
2026-08-02 23:43:20,061 - root - WARNING - Failed to validate request: 31 validation errors for ClientRequest
PingRequest.method
  Input should be 'ping' [type=literal_error, input_value='notifications/initialized', input_type=str]
    For further information visit https://errors.pydantic.dev/2.13/v/literal_error
InitializeRequest.method
  Input should be 'initialize' [type=literal_error, input_value='notifications/initialized', input_type=str]
    For further information visit https://errors.pydantic.dev/2.13/v/literal_error
InitializeRequest.params.protocolVersion
  Field required [type=missing, input_value={}, input_type=dict]
    For further information visit https://errors.pydantic.dev/2.13/v/missing
InitializeRequest.params.capabilities
  Field required [type=missing, input_value={}, input_type=dict]
    For further information visit https://errors.pydantic.dev/2.13/v/missing
InitializeRequest.params.clientInfo
  Field required [type=missing, input_value={}, input_type=dict]
    For further information visit https://errors.pydantic.dev/2.13/v/missing
CompleteRequest.method
  Input should be 'completion/complete' [type=literal_error, input_value='notifications/initialized', input_type=str]
    For further information visit https://errors.pydantic.dev/2.13/v/literal_error
CompleteRequest.params.ref
  Field required [type=missing, input_value={}, input_type=dict]
    For further information visit https://errors.pydantic.dev/2.13/v/missing
CompleteRequest.params.argument
  Field required [type=missing, input_value={}, input_type=dict]
    For further information visit https://errors.pydantic.dev/2.13/v/missing
SetLevelRequest.method
  Input should be 'logging/setLevel' [type=literal_error, input_value='notifications/initialized', input_type=str]
    For further information visit https://errors.pydantic.dev/2.13/v/literal_error
SetLevelRequest.params.level
  Field required [type=missing, input_value={}, input_type=dict]
    For further information visit https://errors.pydantic.dev/2.13/v/missing
GetPromptRequest.method
  Input should be 'prompts/get' [type=literal_error, input_value='notifications/initialized', input_type=str]
    For further information visit https://errors.pydantic.dev/2.13/v/literal_error
GetPromptRequest.params.name
  Field required [type=missing, input_value={}, input_type=dict]
    For further information visit https://errors.pydantic.dev/2.13/v/missing
ListPromptsRequest.method
  Input should be 'prompts/list' [type=literal_error, input_value='notifications/initialized', input_type=str]
    For further information visit https://errors.pydantic.dev/2.13/v/literal_error
ListResourcesRequest.method
  Input should be 'resources/list' [type=literal_error, input_value='notifications/initialized', input_type=str]
    For further information visit https://errors.pydantic.dev/2.13/v/literal_error
ListResourceTemplatesRequest.method
  Input should be 'resources/templates/list' [type=literal_error, input_value='notifications/initialized', input_type=str]
    For further information visit https://errors.pydantic.dev/2.13/v/literal_error
ReadResourceRequest.method
  Input should be 'resources/read' [type=literal_error, input_value='notifications/initialized', input_type=str]
    For further information visit https://errors.pydantic.dev/2.13/v/literal_error
ReadResourceRequest.params.uri
  Field required [type=missing, input_value={}, input_type=dict]
    For further information visit https://errors.pydantic.dev/2.13/v/missing
SubscribeRequest.method
  Input should be 'resources/subscribe' [type=literal_error, input_value='notifications/initialized', input_type=str]
    For further information visit https://errors.pydantic.dev/2.13/v/literal_error
SubscribeRequest.params.uri
  Field required [type=missing, input_value={}, input_type=dict]
    For further information visit https://errors.pydantic.dev/2.13/v/missing
UnsubscribeRequest.method
  Input should be 'resources/unsubscribe' [type=literal_error, input_value='notifications/initialized', input_type=str]
    For further information visit https://errors.pydantic.dev/2.13/v/literal_error
UnsubscribeRequest.params.uri
  Field required [type=missing, input_value={}, input_type=dict]
    For further information visit https://errors.pydantic.dev/2.13/v/missing
CallToolRequest.method
  Input should be 'tools/call' [type=literal_error, input_value='notifications/initialized', input_type=str]
    For further information visit https://errors.pydantic.dev/2.13/v/literal_error
CallToolRequest.params.name
  Field required [type=missing, input_value={}, input_type=dict]
    For further information visit https://errors.pydantic.dev/2.13/v/missing
ListToolsRequest.method
  Input should be 'tools/list' [type=literal_error, input_value='notifications/initialized', input_type=str]
    For further information visit https://errors.pydantic.dev/2.13/v/literal_error
GetTaskRequest.method
  Input should be 'tasks/get' [type=literal_error, input_value='notifications/initialized', input_type=str]
    For further information visit https://errors.pydantic.dev/2.13/v/literal_error
GetTaskRequest.params.taskId
  Field required [type=missing, input_value={}, input_type=dict]
    For further information visit https://errors.pydantic.dev/2.13/v/missing
GetTaskPayloadRequest.method
  Input should be 'tasks/result' [type=literal_error, input_value='notifications/initialized', input_type=str]
    For further information visit https://errors.pydantic.dev/2.13/v/literal_error
GetTaskPayloadRequest.params.taskId
  Field required [type=missing, input_value={}, input_type=dict]
    For further information visit https://errors.pydantic.dev/2.13/v/missing
ListTasksRequest.method
  Input should be 'tasks/list' [type=literal_error, input_value='notifications/initialized', input_type=str]
    For further information visit https://errors.pydantic.dev/2.13/v/literal_error
CancelTaskRequest.method
  Input should be 'tasks/cancel' [type=literal_error, input_value='notifications/initialized', input_type=str]
    For further information visit https://errors.pydantic.dev/2.13/v/literal_error
CancelTaskRequest.params.taskId
  Field required [type=missing, input_value={}, input_type=dict]
    For further information visit https://errors.pydantic.dev/2.13/v/missing
2026-08-02 23:43:29,552 - mcp.server.streamable_http_manager - INFO - Created new transport with session ID: 55b8e0c4dcd14e9abe2f2cbf848e047a
2026-08-02 23:43:29,575 - mcp.server.streamable_http_manager - INFO - Created new transport with session ID: 3f10f6fdf3e14065bca4666f66c0b3f2
2026-08-02 23:43:53,495 - transport.plugin_hub - WARNING - [Ping] Failed to send ping to session 87a0c28b-3e62-488b-8fe3-4de77a8d0247: . Connection likely dead.
2026-08-02 23:43:53,500 - transport.plugin_hub - INFO - Plugin session 87a0c28b-3e62-488b-8fe3-4de77a8d0247 disconnected (1005)
INFO:     127.0.0.1:55507 - "WebSocket /hub/plugin" [accepted]
INFO:     connection open
2026-08-02 23:43:58,511 - transport.plugin_hub - INFO - Plugin registered: Luoxia-Unity (d5eb6b2ef12e6fb8)
2026-08-02 23:44:38,515 - transport.plugin_hub - WARNING - [Ping] Failed to send ping to session 96fe9f5b-a53c-4eab-84e9-68fe2231c9f6: Unexpected ASGI message 'websocket.send', after sending 'websocket.close'.. Connection likely dead.
2026-08-02 23:44:38,516 - transport.plugin_hub - INFO - Plugin session 96fe9f5b-a53c-4eab-84e9-68fe2231c9f6 disconnected (1005)
INFO:     127.0.0.1:51445 - "WebSocket /hub/plugin" [accepted]
INFO:     connection open
2026-08-02 23:44:43,525 - transport.plugin_hub - INFO - Plugin registered: Luoxia-Unity (d5eb6b2ef12e6fb8)
2026-08-02 23:45:22,461 - mcp.server.streamable_http_manager - INFO - Created new transport with session ID: 5ba257ea958846bfbb198add97d65f06
2026-08-02 23:45:22,469 - root - WARNING - Failed to validate request: 31 validation errors for ClientRequest
PingRequest.method
  Input should be 'ping' [type=literal_error, input_value='notifications/initialized', input_type=str]
    For further information visit https://errors.pydantic.dev/2.13/v/literal_error
InitializeRequest.method
  Input should be 'initialize' [type=literal_error, input_value='notifications/initialized', input_type=str]
    For further information visit https://errors.pydantic.dev/2.13/v/literal_error
InitializeRequest.params.protocolVersion
  Field required [type=missing, input_value={}, input_type=dict]
    For further information visit https://errors.pydantic.dev/2.13/v/missing
InitializeRequest.params.capabilities
  Field required [type=missing, input_value={}, input_type=dict]
    For further information visit https://errors.pydantic.dev/2.13/v/missing
InitializeRequest.params.clientInfo
  Field required [type=missing, input_value={}, input_type=dict]
    For further information visit https://errors.pydantic.dev/2.13/v/missing
CompleteRequest.method
  Input should be 'completion/complete' [type=literal_error, input_value='notifications/initialized', input_type=str]
    For further information visit https://errors.pydantic.dev/2.13/v/literal_error
CompleteRequest.params.ref
  Field required [type=missing, input_value={}, input_type=dict]
    For further information visit https://errors.pydantic.dev/2.13/v/missing
CompleteRequest.params.argument
  Field required [type=missing, input_value={}, input_type=dict]
    For further information visit https://errors.pydantic.dev/2.13/v/missing
SetLevelRequest.method
  Input should be 'logging/setLevel' [type=literal_error, input_value='notifications/initialized', input_type=str]
    For further information visit https://errors.pydantic.dev/2.13/v/literal_error
SetLevelRequest.params.level
  Field required [type=missing, input_value={}, input_type=dict]
    For further information visit https://errors.pydantic.dev/2.13/v/missing
GetPromptRequest.method
  Input should be 'prompts/get' [type=literal_error, input_value='notifications/initialized', input_type=str]
    For further information visit https://errors.pydantic.dev/2.13/v/literal_error
GetPromptRequest.params.name
  Field required [type=missing, input_value={}, input_type=dict]
    For further information visit https://errors.pydantic.dev/2.13/v/missing
ListPromptsRequest.method
  Input should be 'prompts/list' [type=literal_error, input_value='notifications/initialized', input_type=str]
    For further information visit https://errors.pydantic.dev/2.13/v/literal_error
ListResourcesRequest.method
  Input should be 'resources/list' [type=literal_error, input_value='notifications/initialized', input_type=str]
    For further information visit https://errors.pydantic.dev/2.13/v/literal_error
ListResourceTemplatesRequest.method
  Input should be 'resources/templates/list' [type=literal_error, input_value='notifications/initialized', input_type=str]
    For further information visit https://errors.pydantic.dev/2.13/v/literal_error
ReadResourceRequest.method
  Input should be 'resources/read' [type=literal_error, input_value='notifications/initialized', input_type=str]
    For further information visit https://errors.pydantic.dev/2.13/v/literal_error
ReadResourceRequest.params.uri
  Field required [type=missing, input_value={}, input_type=dict]
    For further information visit https://errors.pydantic.dev/2.13/v/missing
SubscribeRequest.method
  Input should be 'resources/subscribe' [type=literal_error, input_value='notifications/initialized', input_type=str]
    For further information visit https://errors.pydantic.dev/2.13/v/literal_error
SubscribeRequest.params.uri
  Field required [type=missing, input_value={}, input_type=dict]
    For further information visit https://errors.pydantic.dev/2.13/v/missing
UnsubscribeRequest.method
  Input should be 'resources/unsubscribe' [type=literal_error, input_value='notifications/initialized', input_type=str]
    For further information visit https://errors.pydantic.dev/2.13/v/literal_error
UnsubscribeRequest.params.uri
  Field required [type=missing, input_value={}, input_type=dict]
    For further information visit https://errors.pydantic.dev/2.13/v/missing
CallToolRequest.method
  Input should be 'tools/call' [type=literal_error, input_value='notifications/initialized', input_type=str]
    For further information visit https://errors.pydantic.dev/2.13/v/literal_error
CallToolRequest.params.name
  Field required [type=missing, input_value={}, input_type=dict]
    For further information visit https://errors.pydantic.dev/2.13/v/missing
ListToolsRequest.method
  Input should be 'tools/list' [type=literal_error, input_value='notifications/initialized', input_type=str]
    For further information visit https://errors.pydantic.dev/2.13/v/literal_error
GetTaskRequest.method
  Input should be 'tasks/get' [type=literal_error, input_value='notifications/initialized', input_type=str]
    For further information visit https://errors.pydantic.dev/2.13/v/literal_error
GetTaskRequest.params.taskId
  Field required [type=missing, input_value={}, input_type=dict]
    For further information visit https://errors.pydantic.dev/2.13/v/missing
GetTaskPayloadRequest.method
  Input should be 'tasks/result' [type=literal_error, input_value='notifications/initialized', input_type=str]
    For further information visit https://errors.pydantic.dev/2.13/v/literal_error
GetTaskPayloadRequest.params.taskId
  Field required [type=missing, input_value={}, input_type=dict]
    For further information visit https://errors.pydantic.dev/2.13/v/missing
ListTasksRequest.method
  Input should be 'tasks/list' [type=literal_error, input_value='notifications/initialized', input_type=str]
    For further information visit https://errors.pydantic.dev/2.13/v/literal_error
CancelTaskRequest.method
  Input should be 'tasks/cancel' [type=literal_error, input_value='notifications/initialized', input_type=str]
    For further information visit https://errors.pydantic.dev/2.13/v/literal_error
CancelTaskRequest.params.taskId
  Field required [type=missing, input_value={}, input_type=dict]
    For further information visit https://errors.pydantic.dev/2.13/v/missing
[08/02/26 23:45:22] WARNING  Invalid arguments for tool           server.py:1325
                             'manage_editor': [{'type':                         
                             'literal_error', 'loc': ('action',),               
                             'msg': "Input should be                            
                             'telemetry_status',                                
                             'telemetry_ping', 'play', 'pause',                 
                             'stop', 'set_active_tool',                         
                             'add_tag', 'remove_tag',                           
                             'add_layer', 'remove_layer',                       
                             'deploy_package', 'restore_package',               
                             'undo' or 'redo'", 'input':                        
                             'get_state', 'ctx': {'expected':                   
                             "'telemetry_status',                               
                             'telemetry_ping', 'play', 'pause',                 
                             'stop', 'set_active_tool',                         
                             'add_tag', 'remove_tag',                           
                             'add_layer', 'remove_layer',                       
                             'deploy_package', 'restore_package',               
                             'undo' or 'redo'"}}]                               
2026-08-02 23:45:23,525 - transport.plugin_hub - WARNING - [Ping] Failed to send ping to session 13d1b2a9-7e1d-4e8d-aa80-874f915ab60d: Unexpected ASGI message 'websocket.send', after sending 'websocket.close'.. Connection likely dead.
2026-08-02 23:45:23,526 - transport.plugin_hub - INFO - Plugin session 13d1b2a9-7e1d-4e8d-aa80-874f915ab60d disconnected (1005)
INFO:     127.0.0.1:57167 - "WebSocket /hub/plugin" [accepted]
INFO:     connection open
2026-08-02 23:45:28,537 - transport.plugin_hub - INFO - Plugin registered: Luoxia-Unity (d5eb6b2ef12e6fb8)
2026-08-02 23:46:08,551 - transport.plugin_hub - WARNING - [Ping] Failed to send ping to session f1cb5754-c879-4d1d-9530-6cb95b6af858: . Connection likely dead.
2026-08-02 23:46:08,556 - transport.plugin_hub - INFO - Plugin session f1cb5754-c879-4d1d-9530-6cb95b6af858 disconnected (1005)
INFO:     127.0.0.1:55747 - "WebSocket /hub/plugin" [accepted]
INFO:     connection open
2026-08-02 23:46:13,551 - transport.plugin_hub - INFO - Plugin registered: Luoxia-Unity (d5eb6b2ef12e6fb8)
2026-08-02 23:46:23,617 - mcp.server.streamable_http_manager - INFO - Created new transport with session ID: b28bc72da4ca4833a0a568952f565b40
2026-08-02 23:46:23,622 - root - WARNING - Failed to validate request: 31 validation errors for ClientRequest
PingRequest.method
  Input should be 'ping' [type=literal_error, input_value='notifications/initialized', input_type=str]
    For further information visit https://errors.pydantic.dev/2.13/v/literal_error
InitializeRequest.method
  Input should be 'initialize' [type=literal_error, input_value='notifications/initialized', input_type=str]
    For further information visit https://errors.pydantic.dev/2.13/v/literal_error
InitializeRequest.params.protocolVersion
  Field required [type=missing, input_value={}, input_type=dict]
    For further information visit https://errors.pydantic.dev/2.13/v/missing
InitializeRequest.params.capabilities
  Field required [type=missing, input_value={}, input_type=dict]
    For further information visit https://errors.pydantic.dev/2.13/v/missing
InitializeRequest.params.clientInfo
  Field required [type=missing, input_value={}, input_type=dict]
    For further information visit https://errors.pydantic.dev/2.13/v/missing
CompleteRequest.method
  Input should be 'completion/complete' [type=literal_error, input_value='notifications/initialized', input_type=str]
    For further information visit https://errors.pydantic.dev/2.13/v/literal_error
CompleteRequest.params.ref
  Field required [type=missing, input_value={}, input_type=dict]
    For further information visit https://errors.pydantic.dev/2.13/v/missing
CompleteRequest.params.argument
  Field required [type=missing, input_value={}, input_type=dict]
    For further information visit https://errors.pydantic.dev/2.13/v/missing
SetLevelRequest.method
  Input should be 'logging/setLevel' [type=literal_error, input_value='notifications/initialized', input_type=str]
    For further information visit https://errors.pydantic.dev/2.13/v/literal_error
SetLevelRequest.params.level
  Field required [type=missing, input_value={}, input_type=dict]
    For further information visit https://errors.pydantic.dev/2.13/v/missing
GetPromptRequest.method
  Input should be 'prompts/get' [type=literal_error, input_value='notifications/initialized', input_type=str]
    For further information visit https://errors.pydantic.dev/2.13/v/literal_error
GetPromptRequest.params.name
  Field required [type=missing, input_value={}, input_type=dict]
    For further information visit https://errors.pydantic.dev/2.13/v/missing
ListPromptsRequest.method
  Input should be 'prompts/list' [type=literal_error, input_value='notifications/initialized', input_type=str]
    For further information visit https://errors.pydantic.dev/2.13/v/literal_error
ListResourcesRequest.method
  Input should be 'resources/list' [type=literal_error, input_value='notifications/initialized', input_type=str]
    For further information visit https://errors.pydantic.dev/2.13/v/literal_error
ListResourceTemplatesRequest.method
  Input should be 'resources/templates/list' [type=literal_error, input_value='notifications/initialized', input_type=str]
    For further information visit https://errors.pydantic.dev/2.13/v/literal_error
ReadResourceRequest.method
  Input should be 'resources/read' [type=literal_error, input_value='notifications/initialized', input_type=str]
    For further information visit https://errors.pydantic.dev/2.13/v/literal_error
ReadResourceRequest.params.uri
  Field required [type=missing, input_value={}, input_type=dict]
    For further information visit https://errors.pydantic.dev/2.13/v/missing
SubscribeRequest.method
  Input should be 'resources/subscribe' [type=literal_error, input_value='notifications/initialized', input_type=str]
    For further information visit https://errors.pydantic.dev/2.13/v/literal_error
SubscribeRequest.params.uri
  Field required [type=missing, input_value={}, input_type=dict]
    For further information visit https://errors.pydantic.dev/2.13/v/missing
UnsubscribeRequest.method
  Input should be 'resources/unsubscribe' [type=literal_error, input_value='notifications/initialized', input_type=str]
    For further information visit https://errors.pydantic.dev/2.13/v/literal_error
UnsubscribeRequest.params.uri
  Field required [type=missing, input_value={}, input_type=dict]
    For further information visit https://errors.pydantic.dev/2.13/v/missing
CallToolRequest.method
  Input should be 'tools/call' [type=literal_error, input_value='notifications/initialized', input_type=str]
    For further information visit https://errors.pydantic.dev/2.13/v/literal_error
CallToolRequest.params.name
  Field required [type=missing, input_value={}, input_type=dict]
    For further information visit https://errors.pydantic.dev/2.13/v/missing
ListToolsRequest.method
  Input should be 'tools/list' [type=literal_error, input_value='notifications/initialized', input_type=str]
    For further information visit https://errors.pydantic.dev/2.13/v/literal_error
GetTaskRequest.method
  Input should be 'tasks/get' [type=literal_error, input_value='notifications/initialized', input_type=str]
    For further information visit https://errors.pydantic.dev/2.13/v/literal_error
GetTaskRequest.params.taskId
  Field required [type=missing, input_value={}, input_type=dict]
    For further information visit https://errors.pydantic.dev/2.13/v/missing
GetTaskPayloadRequest.method
  Input should be 'tasks/result' [type=literal_error, input_value='notifications/initialized', input_type=str]
    For further information visit https://errors.pydantic.dev/2.13/v/literal_error
GetTaskPayloadRequest.params.taskId
  Field required [type=missing, input_value={}, input_type=dict]
    For further information visit https://errors.pydantic.dev/2.13/v/missing
ListTasksRequest.method
  Input should be 'tasks/list' [type=literal_error, input_value='notifications/initialized', input_type=str]
    For further information visit https://errors.pydantic.dev/2.13/v/literal_error
CancelTaskRequest.method
  Input should be 'tasks/cancel' [type=literal_error, input_value='notifications/initialized', input_type=str]
    For further information visit https://errors.pydantic.dev/2.13/v/literal_error
CancelTaskRequest.params.taskId
  Field required [type=missing, input_value={}, input_type=dict]
    For further information visit https://errors.pydantic.dev/2.13/v/missing
2026-08-02 23:46:53,552 - transport.plugin_hub - WARNING - [Ping] Failed to send ping to session b9ca9551-e893-491b-8647-cfb2da63a9e0: . Connection likely dead.
2026-08-02 23:46:53,558 - transport.plugin_hub - INFO - Plugin session b9ca9551-e893-491b-8647-cfb2da63a9e0 disconnected (1005)
INFO:     127.0.0.1:58162 - "WebSocket /hub/plugin" [accepted]
INFO:     connection open
2026-08-02 23:46:58,565 - transport.plugin_hub - INFO - Plugin registered: Luoxia-Unity (d5eb6b2ef12e6fb8)
2026-08-02 23:47:03,449 - transport.plugin_hub - INFO - Registered 34 tools for session f05e6652-7278-460a-806d-5e40200ca6c3
2026-08-02 23:47:03,450 - transport.plugin_hub - INFO - Server-level tool visibility synced from Unity: enabled=[animation, asset_gen, core, docs, probuilder, profiling, scripting_ext, testing, ui, vfx], disabled=[], total_transforms=19, unity_start=9
2026-08-02 23:47:03,454 - transport.plugin_hub - INFO - Sent tools/list_changed notification to 94 MCP session(s)
2026-08-02 23:48:19,173 - mcp.server.streamable_http_manager - INFO - Created new transport with session ID: dc949caf90f44660a19940f13af3770f
2026-08-02 23:48:19,182 - root - WARNING - Failed to validate request: 31 validation errors for ClientRequest
PingRequest.method
  Input should be 'ping' [type=literal_error, input_value='notifications/initialized', input_type=str]
    For further information visit https://errors.pydantic.dev/2.13/v/literal_error
InitializeRequest.method
  Input should be 'initialize' [type=literal_error, input_value='notifications/initialized', input_type=str]
    For further information visit https://errors.pydantic.dev/2.13/v/literal_error
InitializeRequest.params.protocolVersion
  Field required [type=missing, input_value={}, input_type=dict]
    For further information visit https://errors.pydantic.dev/2.13/v/missing
InitializeRequest.params.capabilities
  Field required [type=missing, input_value={}, input_type=dict]
    For further information visit https://errors.pydantic.dev/2.13/v/missing
InitializeRequest.params.clientInfo
  Field required [type=missing, input_value={}, input_type=dict]
    For further information visit https://errors.pydantic.dev/2.13/v/missing
CompleteRequest.method
  Input should be 'completion/complete' [type=literal_error, input_value='notifications/initialized', input_type=str]
    For further information visit https://errors.pydantic.dev/2.13/v/literal_error
CompleteRequest.params.ref
  Field required [type=missing, input_value={}, input_type=dict]
    For further information visit https://errors.pydantic.dev/2.13/v/missing
CompleteRequest.params.argument
  Field required [type=missing, input_value={}, input_type=dict]
    For further information visit https://errors.pydantic.dev/2.13/v/missing
SetLevelRequest.method
  Input should be 'logging/setLevel' [type=literal_error, input_value='notifications/initialized', input_type=str]
    For further information visit https://errors.pydantic.dev/2.13/v/literal_error
SetLevelRequest.params.level
  Field required [type=missing, input_value={}, input_type=dict]
    For further information visit https://errors.pydantic.dev/2.13/v/missing
GetPromptRequest.method
  Input should be 'prompts/get' [type=literal_error, input_value='notifications/initialized', input_type=str]
    For further information visit https://errors.pydantic.dev/2.13/v/literal_error
GetPromptRequest.params.name
  Field required [type=missing, input_value={}, input_type=dict]
    For further information visit https://errors.pydantic.dev/2.13/v/missing
ListPromptsRequest.method
  Input should be 'prompts/list' [type=literal_error, input_value='notifications/initialized', input_type=str]
    For further information visit https://errors.pydantic.dev/2.13/v/literal_error
ListResourcesRequest.method
  Input should be 'resources/list' [type=literal_error, input_value='notifications/initialized', input_type=str]
    For further information visit https://errors.pydantic.dev/2.13/v/literal_error
ListResourceTemplatesRequest.method
  Input should be 'resources/templates/list' [type=literal_error, input_value='notifications/initialized', input_type=str]
    For further information visit https://errors.pydantic.dev/2.13/v/literal_error
ReadResourceRequest.method
  Input should be 'resources/read' [type=literal_error, input_value='notifications/initialized', input_type=str]
    For further information visit https://errors.pydantic.dev/2.13/v/literal_error
ReadResourceRequest.params.uri
  Field required [type=missing, input_value={}, input_type=dict]
    For further information visit https://errors.pydantic.dev/2.13/v/missing
SubscribeRequest.method
  Input should be 'resources/subscribe' [type=literal_error, input_value='notifications/initialized', input_type=str]
    For further information visit https://errors.pydantic.dev/2.13/v/literal_error
SubscribeRequest.params.uri
  Field required [type=missing, input_value={}, input_type=dict]
    For further information visit https://errors.pydantic.dev/2.13/v/missing
UnsubscribeRequest.method
  Input should be 'resources/unsubscribe' [type=literal_error, input_value='notifications/initialized', input_type=str]
    For further information visit https://errors.pydantic.dev/2.13/v/literal_error
UnsubscribeRequest.params.uri
  Field required [type=missing, input_value={}, input_type=dict]
    For further information visit https://errors.pydantic.dev/2.13/v/missing
CallToolRequest.method
  Input should be 'tools/call' [type=literal_error, input_value='notifications/initialized', input_type=str]
    For further information visit https://errors.pydantic.dev/2.13/v/literal_error
CallToolRequest.params.name
  Field required [type=missing, input_value={}, input_type=dict]
    For further information visit https://errors.pydantic.dev/2.13/v/missing
ListToolsRequest.method
  Input should be 'tools/list' [type=literal_error, input_value='notifications/initialized', input_type=str]
    For further information visit https://errors.pydantic.dev/2.13/v/literal_error
GetTaskRequest.method
  Input should be 'tasks/get' [type=literal_error, input_value='notifications/initialized', input_type=str]
    For further information visit https://errors.pydantic.dev/2.13/v/literal_error
GetTaskRequest.params.taskId
  Field required [type=missing, input_value={}, input_type=dict]
    For further information visit https://errors.pydantic.dev/2.13/v/missing
GetTaskPayloadRequest.method
  Input should be 'tasks/result' [type=literal_error, input_value='notifications/initialized', input_type=str]
    For further information visit https://errors.pydantic.dev/2.13/v/literal_error
GetTaskPayloadRequest.params.taskId
  Field required [type=missing, input_value={}, input_type=dict]
    For further information visit https://errors.pydantic.dev/2.13/v/missing
ListTasksRequest.method
  Input should be 'tasks/list' [type=literal_error, input_value='notifications/initialized', input_type=str]
    For further information visit https://errors.pydantic.dev/2.13/v/literal_error
CancelTaskRequest.method
  Input should be 'tasks/cancel' [type=literal_error, input_value='notifications/initialized', input_type=str]
    For further information visit https://errors.pydantic.dev/2.13/v/literal_error
CancelTaskRequest.params.taskId
  Field required [type=missing, input_value={}, input_type=dict]
    For further information visit https://errors.pydantic.dev/2.13/v/missing
2026-08-02 23:48:19,527 - mcp.server.streamable_http_manager - INFO - Created new transport with session ID: 925231bb63d5492f87a9a2fa217acdcc
2026-08-02 23:48:19,533 - root - WARNING - Failed to validate request: 31 validation errors for ClientRequest
PingRequest.method
  Input should be 'ping' [type=literal_error, input_value='notifications/initialized', input_type=str]
    For further information visit https://errors.pydantic.dev/2.13/v/literal_error
InitializeRequest.method
  Input should be 'initialize' [type=literal_error, input_value='notifications/initialized', input_type=str]
    For further information visit https://errors.pydantic.dev/2.13/v/literal_error
InitializeRequest.params.protocolVersion
  Field required [type=missing, input_value={}, input_type=dict]
    For further information visit https://errors.pydantic.dev/2.13/v/missing
InitializeRequest.params.capabilities
  Field required [type=missing, input_value={}, input_type=dict]
    For further information visit https://errors.pydantic.dev/2.13/v/missing
InitializeRequest.params.clientInfo
  Field required [type=missing, input_value={}, input_type=dict]
    For further information visit https://errors.pydantic.dev/2.13/v/missing
CompleteRequest.method
  Input should be 'completion/complete' [type=literal_error, input_value='notifications/initialized', input_type=str]
    For further information visit https://errors.pydantic.dev/2.13/v/literal_error
CompleteRequest.params.ref
  Field required [type=missing, input_value={}, input_type=dict]
    For further information visit https://errors.pydantic.dev/2.13/v/missing
CompleteRequest.params.argument
  Field required [type=missing, input_value={}, input_type=dict]
    For further information visit https://errors.pydantic.dev/2.13/v/missing
SetLevelRequest.method
  Input should be 'logging/setLevel' [type=literal_error, input_value='notifications/initialized', input_type=str]
    For further information visit https://errors.pydantic.dev/2.13/v/literal_error
SetLevelRequest.params.level
  Field required [type=missing, input_value={}, input_type=dict]
    For further information visit https://errors.pydantic.dev/2.13/v/missing
GetPromptRequest.method
  Input should be 'prompts/get' [type=literal_error, input_value='notifications/initialized', input_type=str]
    For further information visit https://errors.pydantic.dev/2.13/v/literal_error
GetPromptRequest.params.name
  Field required [type=missing, input_value={}, input_type=dict]
    For further information visit https://errors.pydantic.dev/2.13/v/missing
ListPromptsRequest.method
  Input should be 'prompts/list' [type=literal_error, input_value='notifications/initialized', input_type=str]
    For further information visit https://errors.pydantic.dev/2.13/v/literal_error
ListResourcesRequest.method
  Input should be 'resources/list' [type=literal_error, input_value='notifications/initialized', input_type=str]
    For further information visit https://errors.pydantic.dev/2.13/v/literal_error
ListResourceTemplatesRequest.method
  Input should be 'resources/templates/list' [type=literal_error, input_value='notifications/initialized', input_type=str]
    For further information visit https://errors.pydantic.dev/2.13/v/literal_error
ReadResourceRequest.method
  Input should be 'resources/read' [type=literal_error, input_value='notifications/initialized', input_type=str]
    For further information visit https://errors.pydantic.dev/2.13/v/literal_error
ReadResourceRequest.params.uri
  Field required [type=missing, input_value={}, input_type=dict]
    For further information visit https://errors.pydantic.dev/2.13/v/missing
SubscribeRequest.method
  Input should be 'resources/subscribe' [type=literal_error, input_value='notifications/initialized', input_type=str]
    For further information visit https://errors.pydantic.dev/2.13/v/literal_error
SubscribeRequest.params.uri
  Field required [type=missing, input_value={}, input_type=dict]
    For further information visit https://errors.pydantic.dev/2.13/v/missing
UnsubscribeRequest.method
  Input should be 'resources/unsubscribe' [type=literal_error, input_value='notifications/initialized', input_type=str]
    For further information visit https://errors.pydantic.dev/2.13/v/literal_error
UnsubscribeRequest.params.uri
  Field required [type=missing, input_value={}, input_type=dict]
    For further information visit https://errors.pydantic.dev/2.13/v/missing
CallToolRequest.method
  Input should be 'tools/call' [type=literal_error, input_value='notifications/initialized', input_type=str]
    For further information visit https://errors.pydantic.dev/2.13/v/literal_error
CallToolRequest.params.name
  Field required [type=missing, input_value={}, input_type=dict]
    For further information visit https://errors.pydantic.dev/2.13/v/missing
ListToolsRequest.method
  Input should be 'tools/list' [type=literal_error, input_value='notifications/initialized', input_type=str]
    For further information visit https://errors.pydantic.dev/2.13/v/literal_error
GetTaskRequest.method
  Input should be 'tasks/get' [type=literal_error, input_value='notifications/initialized', input_type=str]
    For further information visit https://errors.pydantic.dev/2.13/v/literal_error
GetTaskRequest.params.taskId
  Field required [type=missing, input_value={}, input_type=dict]
    For further information visit https://errors.pydantic.dev/2.13/v/missing
GetTaskPayloadRequest.method
  Input should be 'tasks/result' [type=literal_error, input_value='notifications/initialized', input_type=str]
    For further information visit https://errors.pydantic.dev/2.13/v/literal_error
GetTaskPayloadRequest.params.taskId
  Field required [type=missing, input_value={}, input_type=dict]
    For further information visit https://errors.pydantic.dev/2.13/v/missing
ListTasksRequest.method
  Input should be 'tasks/list' [type=literal_error, input_value='notifications/initialized', input_type=str]
    For further information visit https://errors.pydantic.dev/2.13/v/literal_error
CancelTaskRequest.method
  Input should be 'tasks/cancel' [type=literal_error, input_value='notifications/initialized', input_type=str]
    For further information visit https://errors.pydantic.dev/2.13/v/literal_error
CancelTaskRequest.params.taskId
  Field required [type=missing, input_value={}, input_type=dict]
    For further information visit https://errors.pydantic.dev/2.13/v/missing
2026-08-02 23:48:23,562 - mcp.server.streamable_http_manager - INFO - Created new transport with session ID: 3638b3bc92394cb5a9f6a257919a44c9
2026-08-02 23:48:23,569 - root - WARNING - Failed to validate request: 31 validation errors for ClientRequest
PingRequest.method
  Input should be 'ping' [type=literal_error, input_value='notifications/initialized', input_type=str]
    For further information visit https://errors.pydantic.dev/2.13/v/literal_error
InitializeRequest.method
  Input should be 'initialize' [type=literal_error, input_value='notifications/initialized', input_type=str]
    For further information visit https://errors.pydantic.dev/2.13/v/literal_error
InitializeRequest.params.protocolVersion
  Field required [type=missing, input_value={}, input_type=dict]
    For further information visit https://errors.pydantic.dev/2.13/v/missing
InitializeRequest.params.capabilities
  Field required [type=missing, input_value={}, input_type=dict]
    For further information visit https://errors.pydantic.dev/2.13/v/missing
InitializeRequest.params.clientInfo
  Field required [type=missing, input_value={}, input_type=dict]
    For further information visit https://errors.pydantic.dev/2.13/v/missing
CompleteRequest.method
  Input should be 'completion/complete' [type=literal_error, input_value='notifications/initialized', input_type=str]
    For further information visit https://errors.pydantic.dev/2.13/v/literal_error
CompleteRequest.params.ref
  Field required [type=missing, input_value={}, input_type=dict]
    For further information visit https://errors.pydantic.dev/2.13/v/missing
CompleteRequest.params.argument
  Field required [type=missing, input_value={}, input_type=dict]
    For further information visit https://errors.pydantic.dev/2.13/v/missing
SetLevelRequest.method
  Input should be 'logging/setLevel' [type=literal_error, input_value='notifications/initialized', input_type=str]
    For further information visit https://errors.pydantic.dev/2.13/v/literal_error
SetLevelRequest.params.level
  Field required [type=missing, input_value={}, input_type=dict]
    For further information visit https://errors.pydantic.dev/2.13/v/missing
GetPromptRequest.method
  Input should be 'prompts/get' [type=literal_error, input_value='notifications/initialized', input_type=str]
    For further information visit https://errors.pydantic.dev/2.13/v/literal_error
GetPromptRequest.params.name
  Field required [type=missing, input_value={}, input_type=dict]
    For further information visit https://errors.pydantic.dev/2.13/v/missing
ListPromptsRequest.method
  Input should be 'prompts/list' [type=literal_error, input_value='notifications/initialized', input_type=str]
    For further information visit https://errors.pydantic.dev/2.13/v/literal_error
ListResourcesRequest.method
  Input should be 'resources/list' [type=literal_error, input_value='notifications/initialized', input_type=str]
    For further information visit https://errors.pydantic.dev/2.13/v/literal_error
ListResourceTemplatesRequest.method
  Input should be 'resources/templates/list' [type=literal_error, input_value='notifications/initialized', input_type=str]
    For further information visit https://errors.pydantic.dev/2.13/v/literal_error
ReadResourceRequest.method
  Input should be 'resources/read' [type=literal_error, input_value='notifications/initialized', input_type=str]
    For further information visit https://errors.pydantic.dev/2.13/v/literal_error
ReadResourceRequest.params.uri
  Field required [type=missing, input_value={}, input_type=dict]
    For further information visit https://errors.pydantic.dev/2.13/v/missing
SubscribeRequest.method
  Input should be 'resources/subscribe' [type=literal_error, input_value='notifications/initialized', input_type=str]
    For further information visit https://errors.pydantic.dev/2.13/v/literal_error
SubscribeRequest.params.uri
  Field required [type=missing, input_value={}, input_type=dict]
    For further information visit https://errors.pydantic.dev/2.13/v/missing
UnsubscribeRequest.method
  Input should be 'resources/unsubscribe' [type=literal_error, input_value='notifications/initialized', input_type=str]
    For further information visit https://errors.pydantic.dev/2.13/v/literal_error
UnsubscribeRequest.params.uri
  Field required [type=missing, input_value={}, input_type=dict]
    For further information visit https://errors.pydantic.dev/2.13/v/missing
CallToolRequest.method
  Input should be 'tools/call' [type=literal_error, input_value='notifications/initialized', input_type=str]
    For further information visit https://errors.pydantic.dev/2.13/v/literal_error
CallToolRequest.params.name
  Field required [type=missing, input_value={}, input_type=dict]
    For further information visit https://errors.pydantic.dev/2.13/v/missing
ListToolsRequest.method
  Input should be 'tools/list' [type=literal_error, input_value='notifications/initialized', input_type=str]
    For further information visit https://errors.pydantic.dev/2.13/v/literal_error
GetTaskRequest.method
  Input should be 'tasks/get' [type=literal_error, input_value='notifications/initialized', input_type=str]
    For further information visit https://errors.pydantic.dev/2.13/v/literal_error
GetTaskRequest.params.taskId
  Field required [type=missing, input_value={}, input_type=dict]
    For further information visit https://errors.pydantic.dev/2.13/v/missing
GetTaskPayloadRequest.method
  Input should be 'tasks/result' [type=literal_error, input_value='notifications/initialized', input_type=str]
    For further information visit https://errors.pydantic.dev/2.13/v/literal_error
GetTaskPayloadRequest.params.taskId
  Field required [type=missing, input_value={}, input_type=dict]
    For further information visit https://errors.pydantic.dev/2.13/v/missing
ListTasksRequest.method
  Input should be 'tasks/list' [type=literal_error, input_value='notifications/initialized', input_type=str]
    For further information visit https://errors.pydantic.dev/2.13/v/literal_error
CancelTaskRequest.method
  Input should be 'tasks/cancel' [type=literal_error, input_value='notifications/initialized', input_type=str]
    For further information visit https://errors.pydantic.dev/2.13/v/literal_error
CancelTaskRequest.params.taskId
  Field required [type=missing, input_value={}, input_type=dict]
    For further information visit https://errors.pydantic.dev/2.13/v/missing
2026-08-02 23:48:27,649 - mcp.server.streamable_http_manager - INFO - Created new transport with session ID: 91faf3d41c5b4167af299a8dcfe3eab4
2026-08-02 23:48:27,655 - root - WARNING - Failed to validate request: 31 validation errors for ClientRequest
PingRequest.method
  Input should be 'ping' [type=literal_error, input_value='notifications/initialized', input_type=str]
    For further information visit https://errors.pydantic.dev/2.13/v/literal_error
InitializeRequest.method
  Input should be 'initialize' [type=literal_error, input_value='notifications/initialized', input_type=str]
    For further information visit https://errors.pydantic.dev/2.13/v/literal_error
InitializeRequest.params.protocolVersion
  Field required [type=missing, input_value={}, input_type=dict]
    For further information visit https://errors.pydantic.dev/2.13/v/missing
InitializeRequest.params.capabilities
  Field required [type=missing, input_value={}, input_type=dict]
    For further information visit https://errors.pydantic.dev/2.13/v/missing
InitializeRequest.params.clientInfo
  Field required [type=missing, input_value={}, input_type=dict]
    For further information visit https://errors.pydantic.dev/2.13/v/missing
CompleteRequest.method
  Input should be 'completion/complete' [type=literal_error, input_value='notifications/initialized', input_type=str]
    For further information visit https://errors.pydantic.dev/2.13/v/literal_error
CompleteRequest.params.ref
  Field required [type=missing, input_value={}, input_type=dict]
    For further information visit https://errors.pydantic.dev/2.13/v/missing
CompleteRequest.params.argument
  Field required [type=missing, input_value={}, input_type=dict]
    For further information visit https://errors.pydantic.dev/2.13/v/missing
SetLevelRequest.method
  Input should be 'logging/setLevel' [type=literal_error, input_value='notifications/initialized', input_type=str]
    For further information visit https://errors.pydantic.dev/2.13/v/literal_error
SetLevelRequest.params.level
  Field required [type=missing, input_value={}, input_type=dict]
    For further information visit https://errors.pydantic.dev/2.13/v/missing
GetPromptRequest.method
  Input should be 'prompts/get' [type=literal_error, input_value='notifications/initialized', input_type=str]
    For further information visit https://errors.pydantic.dev/2.13/v/literal_error
GetPromptRequest.params.name
  Field required [type=missing, input_value={}, input_type=dict]
    For further information visit https://errors.pydantic.dev/2.13/v/missing
ListPromptsRequest.method
  Input should be 'prompts/list' [type=literal_error, input_value='notifications/initialized', input_type=str]
    For further information visit https://errors.pydantic.dev/2.13/v/literal_error
ListResourcesRequest.method
  Input should be 'resources/list' [type=literal_error, input_value='notifications/initialized', input_type=str]
    For further information visit https://errors.pydantic.dev/2.13/v/literal_error
ListResourceTemplatesRequest.method
  Input should be 'resources/templates/list' [type=literal_error, input_value='notifications/initialized', input_type=str]
    For further information visit https://errors.pydantic.dev/2.13/v/literal_error
ReadResourceRequest.method
  Input should be 'resources/read' [type=literal_error, input_value='notifications/initialized', input_type=str]
    For further information visit https://errors.pydantic.dev/2.13/v/literal_error
ReadResourceRequest.params.uri
  Field required [type=missing, input_value={}, input_type=dict]
    For further information visit https://errors.pydantic.dev/2.13/v/missing
SubscribeRequest.method
  Input should be 'resources/subscribe' [type=literal_error, input_value='notifications/initialized', input_type=str]
    For further information visit https://errors.pydantic.dev/2.13/v/literal_error
SubscribeRequest.params.uri
  Field required [type=missing, input_value={}, input_type=dict]
    For further information visit https://errors.pydantic.dev/2.13/v/missing
UnsubscribeRequest.method
  Input should be 'resources/unsubscribe' [type=literal_error, input_value='notifications/initialized', input_type=str]
    For further information visit https://errors.pydantic.dev/2.13/v/literal_error
UnsubscribeRequest.params.uri
  Field required [type=missing, input_value={}, input_type=dict]
    For further information visit https://errors.pydantic.dev/2.13/v/missing
CallToolRequest.method
  Input should be 'tools/call' [type=literal_error, input_value='notifications/initialized', input_type=str]
    For further information visit https://errors.pydantic.dev/2.13/v/literal_error
CallToolRequest.params.name
  Field required [type=missing, input_value={}, input_type=dict]
    For further information visit https://errors.pydantic.dev/2.13/v/missing
ListToolsRequest.method
  Input should be 'tools/list' [type=literal_error, input_value='notifications/initialized', input_type=str]
    For further information visit https://errors.pydantic.dev/2.13/v/literal_error
GetTaskRequest.method
  Input should be 'tasks/get' [type=literal_error, input_value='notifications/initialized', input_type=str]
    For further information visit https://errors.pydantic.dev/2.13/v/literal_error
GetTaskRequest.params.taskId
  Field required [type=missing, input_value={}, input_type=dict]
    For further information visit https://errors.pydantic.dev/2.13/v/missing
GetTaskPayloadRequest.method
  Input should be 'tasks/result' [type=literal_error, input_value='notifications/initialized', input_type=str]
    For further information visit https://errors.pydantic.dev/2.13/v/literal_error
GetTaskPayloadRequest.params.taskId
  Field required [type=missing, input_value={}, input_type=dict]
    For further information visit https://errors.pydantic.dev/2.13/v/missing
ListTasksRequest.method
  Input should be 'tasks/list' [type=literal_error, input_value='notifications/initialized', input_type=str]
    For further information visit https://errors.pydantic.dev/2.13/v/literal_error
CancelTaskRequest.method
  Input should be 'tasks/cancel' [type=literal_error, input_value='notifications/initialized', input_type=str]
    For further information visit https://errors.pydantic.dev/2.13/v/literal_error
CancelTaskRequest.params.taskId
  Field required [type=missing, input_value={}, input_type=dict]
    For further information visit https://errors.pydantic.dev/2.13/v/missing
2026-08-02 23:48:31,754 - mcp.server.streamable_http_manager - INFO - Created new transport with session ID: 45bf4cd3333b48fa8ed467b2111fc282
2026-08-02 23:48:31,759 - root - WARNING - Failed to validate request: 31 validation errors for ClientRequest
PingRequest.method
  Input should be 'ping' [type=literal_error, input_value='notifications/initialized', input_type=str]
    For further information visit https://errors.pydantic.dev/2.13/v/literal_error
InitializeRequest.method
  Input should be 'initialize' [type=literal_error, input_value='notifications/initialized', input_type=str]
    For further information visit https://errors.pydantic.dev/2.13/v/literal_error
InitializeRequest.params.protocolVersion
  Field required [type=missing, input_value={}, input_type=dict]
    For further information visit https://errors.pydantic.dev/2.13/v/missing
InitializeRequest.params.capabilities
  Field required [type=missing, input_value={}, input_type=dict]
    For further information visit https://errors.pydantic.dev/2.13/v/missing
InitializeRequest.params.clientInfo
  Field required [type=missing, input_value={}, input_type=dict]
    For further information visit https://errors.pydantic.dev/2.13/v/missing
CompleteRequest.method
  Input should be 'completion/complete' [type=literal_error, input_value='notifications/initialized', input_type=str]
    For further information visit https://errors.pydantic.dev/2.13/v/literal_error
CompleteRequest.params.ref
  Field required [type=missing, input_value={}, input_type=dict]
    For further information visit https://errors.pydantic.dev/2.13/v/missing
CompleteRequest.params.argument
  Field required [type=missing, input_value={}, input_type=dict]
    For further information visit https://errors.pydantic.dev/2.13/v/missing
SetLevelRequest.method
  Input should be 'logging/setLevel' [type=literal_error, input_value='notifications/initialized', input_type=str]
    For further information visit https://errors.pydantic.dev/2.13/v/literal_error
SetLevelRequest.params.level
  Field required [type=missing, input_value={}, input_type=dict]
    For further information visit https://errors.pydantic.dev/2.13/v/missing
GetPromptRequest.method
  Input should be 'prompts/get' [type=literal_error, input_value='notifications/initialized', input_type=str]
    For further information visit https://errors.pydantic.dev/2.13/v/literal_error
GetPromptRequest.params.name
  Field required [type=missing, input_value={}, input_type=dict]
    For further information visit https://errors.pydantic.dev/2.13/v/missing
ListPromptsRequest.method
  Input should be 'prompts/list' [type=literal_error, input_value='notifications/initialized', input_type=str]
    For further information visit https://errors.pydantic.dev/2.13/v/literal_error
ListResourcesRequest.method
  Input should be 'resources/list' [type=literal_error, input_value='notifications/initialized', input_type=str]
    For further information visit https://errors.pydantic.dev/2.13/v/literal_error
ListResourceTemplatesRequest.method
  Input should be 'resources/templates/list' [type=literal_error, input_value='notifications/initialized', input_type=str]
    For further information visit https://errors.pydantic.dev/2.13/v/literal_error
ReadResourceRequest.method
  Input should be 'resources/read' [type=literal_error, input_value='notifications/initialized', input_type=str]
    For further information visit https://errors.pydantic.dev/2.13/v/literal_error
ReadResourceRequest.params.uri
  Field required [type=missing, input_value={}, input_type=dict]
    For further information visit https://errors.pydantic.dev/2.13/v/missing
SubscribeRequest.method
  Input should be 'resources/subscribe' [type=literal_error, input_value='notifications/initialized', input_type=str]
    For further information visit https://errors.pydantic.dev/2.13/v/literal_error
SubscribeRequest.params.uri
  Field required [type=missing, input_value={}, input_type=dict]
    For further information visit https://errors.pydantic.dev/2.13/v/missing
UnsubscribeRequest.method
  Input should be 'resources/unsubscribe' [type=literal_error, input_value='notifications/initialized', input_type=str]
    For further information visit https://errors.pydantic.dev/2.13/v/literal_error
UnsubscribeRequest.params.uri
  Field required [type=missing, input_value={}, input_type=dict]
    For further information visit https://errors.pydantic.dev/2.13/v/missing
CallToolRequest.method
  Input should be 'tools/call' [type=literal_error, input_value='notifications/initialized', input_type=str]
    For further information visit https://errors.pydantic.dev/2.13/v/literal_error
CallToolRequest.params.name
  Field required [type=missing, input_value={}, input_type=dict]
    For further information visit https://errors.pydantic.dev/2.13/v/missing
ListToolsRequest.method
  Input should be 'tools/list' [type=literal_error, input_value='notifications/initialized', input_type=str]
    For further information visit https://errors.pydantic.dev/2.13/v/literal_error
GetTaskRequest.method
  Input should be 'tasks/get' [type=literal_error, input_value='notifications/initialized', input_type=str]
    For further information visit https://errors.pydantic.dev/2.13/v/literal_error
GetTaskRequest.params.taskId
  Field required [type=missing, input_value={}, input_type=dict]
    For further information visit https://errors.pydantic.dev/2.13/v/missing
GetTaskPayloadRequest.method
  Input should be 'tasks/result' [type=literal_error, input_value='notifications/initialized', input_type=str]
    For further information visit https://errors.pydantic.dev/2.13/v/literal_error
GetTaskPayloadRequest.params.taskId
  Field required [type=missing, input_value={}, input_type=dict]
    For further information visit https://errors.pydantic.dev/2.13/v/missing
ListTasksRequest.method
  Input should be 'tasks/list' [type=literal_error, input_value='notifications/initialized', input_type=str]
    For further information visit https://errors.pydantic.dev/2.13/v/literal_error
CancelTaskRequest.method
  Input should be 'tasks/cancel' [type=literal_error, input_value='notifications/initialized', input_type=str]
    For further information visit https://errors.pydantic.dev/2.13/v/literal_error
CancelTaskRequest.params.taskId
  Field required [type=missing, input_value={}, input_type=dict]
    For further information visit https://errors.pydantic.dev/2.13/v/missing
2026-08-02 23:48:35,780 - mcp.server.streamable_http_manager - INFO - Created new transport with session ID: 528a7115d19b4c6bba2921ea49e6b39a
2026-08-02 23:48:35,784 - root - WARNING - Failed to validate request: 31 validation errors for ClientRequest
PingRequest.method
  Input should be 'ping' [type=literal_error, input_value='notifications/initialized', input_type=str]
    For further information visit https://errors.pydantic.dev/2.13/v/literal_error
InitializeRequest.method
  Input should be 'initialize' [type=literal_error, input_value='notifications/initialized', input_type=str]
    For further information visit https://errors.pydantic.dev/2.13/v/literal_error
InitializeRequest.params.protocolVersion
  Field required [type=missing, input_value={}, input_type=dict]
    For further information visit https://errors.pydantic.dev/2.13/v/missing
InitializeRequest.params.capabilities
  Field required [type=missing, input_value={}, input_type=dict]
    For further information visit https://errors.pydantic.dev/2.13/v/missing
InitializeRequest.params.clientInfo
  Field required [type=missing, input_value={}, input_type=dict]
    For further information visit https://errors.pydantic.dev/2.13/v/missing
CompleteRequest.method
  Input should be 'completion/complete' [type=literal_error, input_value='notifications/initialized', input_type=str]
    For further information visit https://errors.pydantic.dev/2.13/v/literal_error
CompleteRequest.params.ref
  Field required [type=missing, input_value={}, input_type=dict]
    For further information visit https://errors.pydantic.dev/2.13/v/missing
CompleteRequest.params.argument
  Field required [type=missing, input_value={}, input_type=dict]
    For further information visit https://errors.pydantic.dev/2.13/v/missing
SetLevelRequest.method
  Input should be 'logging/setLevel' [type=literal_error, input_value='notifications/initialized', input_type=str]
    For further information visit https://errors.pydantic.dev/2.13/v/literal_error
SetLevelRequest.params.level
  Field required [type=missing, input_value={}, input_type=dict]
    For further information visit https://errors.pydantic.dev/2.13/v/missing
GetPromptRequest.method
  Input should be 'prompts/get' [type=literal_error, input_value='notifications/initialized', input_type=str]
    For further information visit https://errors.pydantic.dev/2.13/v/literal_error
GetPromptRequest.params.name
  Field required [type=missing, input_value={}, input_type=dict]
    For further information visit https://errors.pydantic.dev/2.13/v/missing
ListPromptsRequest.method
  Input should be 'prompts/list' [type=literal_error, input_value='notifications/initialized', input_type=str]
    For further information visit https://errors.pydantic.dev/2.13/v/literal_error
ListResourcesRequest.method
  Input should be 'resources/list' [type=literal_error, input_value='notifications/initialized', input_type=str]
    For further information visit https://errors.pydantic.dev/2.13/v/literal_error
ListResourceTemplatesRequest.method
  Input should be 'resources/templates/list' [type=literal_error, input_value='notifications/initialized', input_type=str]
    For further information visit https://errors.pydantic.dev/2.13/v/literal_error
ReadResourceRequest.method
  Input should be 'resources/read' [type=literal_error, input_value='notifications/initialized', input_type=str]
    For further information visit https://errors.pydantic.dev/2.13/v/literal_error
ReadResourceRequest.params.uri
  Field required [type=missing, input_value={}, input_type=dict]
    For further information visit https://errors.pydantic.dev/2.13/v/missing
SubscribeRequest.method
  Input should be 'resources/subscribe' [type=literal_error, input_value='notifications/initialized', input_type=str]
    For further information visit https://errors.pydantic.dev/2.13/v/literal_error
SubscribeRequest.params.uri
  Field required [type=missing, input_value={}, input_type=dict]
    For further information visit https://errors.pydantic.dev/2.13/v/missing
UnsubscribeRequest.method
  Input should be 'resources/unsubscribe' [type=literal_error, input_value='notifications/initialized', input_type=str]
    For further information visit https://errors.pydantic.dev/2.13/v/literal_error
UnsubscribeRequest.params.uri
  Field required [type=missing, input_value={}, input_type=dict]
    For further information visit https://errors.pydantic.dev/2.13/v/missing
CallToolRequest.method
  Input should be 'tools/call' [type=literal_error, input_value='notifications/initialized', input_type=str]
    For further information visit https://errors.pydantic.dev/2.13/v/literal_error
CallToolRequest.params.name
  Field required [type=missing, input_value={}, input_type=dict]
    For further information visit https://errors.pydantic.dev/2.13/v/missing
ListToolsRequest.method
  Input should be 'tools/list' [type=literal_error, input_value='notifications/initialized', input_type=str]
    For further information visit https://errors.pydantic.dev/2.13/v/literal_error
GetTaskRequest.method
  Input should be 'tasks/get' [type=literal_error, input_value='notifications/initialized', input_type=str]
    For further information visit https://errors.pydantic.dev/2.13/v/literal_error
GetTaskRequest.params.taskId
  Field required [type=missing, input_value={}, input_type=dict]
    For further information visit https://errors.pydantic.dev/2.13/v/missing
GetTaskPayloadRequest.method
  Input should be 'tasks/result' [type=literal_error, input_value='notifications/initialized', input_type=str]
    For further information visit https://errors.pydantic.dev/2.13/v/literal_error
GetTaskPayloadRequest.params.taskId
  Field required [type=missing, input_value={}, input_type=dict]
    For further information visit https://errors.pydantic.dev/2.13/v/missing
ListTasksRequest.method
  Input should be 'tasks/list' [type=literal_error, input_value='notifications/initialized', input_type=str]
    For further information visit https://errors.pydantic.dev/2.13/v/literal_error
CancelTaskRequest.method
  Input should be 'tasks/cancel' [type=literal_error, input_value='notifications/initialized', input_type=str]
    For further information visit https://errors.pydantic.dev/2.13/v/literal_error
CancelTaskRequest.params.taskId
  Field required [type=missing, input_value={}, input_type=dict]
    For further information visit https://errors.pydantic.dev/2.13/v/missing
2026-08-02 23:48:39,895 - mcp.server.streamable_http_manager - INFO - Created new transport with session ID: 5714ec1c339645dcb0ce9f7a47368478
2026-08-02 23:48:39,940 - root - WARNING - Failed to validate request: 31 validation errors for ClientRequest
PingRequest.method
  Input should be 'ping' [type=literal_error, input_value='notifications/initialized', input_type=str]
    For further information visit https://errors.pydantic.dev/2.13/v/literal_error
InitializeRequest.method
  Input should be 'initialize' [type=literal_error, input_value='notifications/initialized', input_type=str]
    For further information visit https://errors.pydantic.dev/2.13/v/literal_error
InitializeRequest.params.protocolVersion
  Field required [type=missing, input_value={}, input_type=dict]
    For further information visit https://errors.pydantic.dev/2.13/v/missing
InitializeRequest.params.capabilities
  Field required [type=missing, input_value={}, input_type=dict]
    For further information visit https://errors.pydantic.dev/2.13/v/missing
InitializeRequest.params.clientInfo
  Field required [type=missing, input_value={}, input_type=dict]
    For further information visit https://errors.pydantic.dev/2.13/v/missing
CompleteRequest.method
  Input should be 'completion/complete' [type=literal_error, input_value='notifications/initialized', input_type=str]
    For further information visit https://errors.pydantic.dev/2.13/v/literal_error
CompleteRequest.params.ref
  Field required [type=missing, input_value={}, input_type=dict]
    For further information visit https://errors.pydantic.dev/2.13/v/missing
CompleteRequest.params.argument
  Field required [type=missing, input_value={}, input_type=dict]
    For further information visit https://errors.pydantic.dev/2.13/v/missing
SetLevelRequest.method
  Input should be 'logging/setLevel' [type=literal_error, input_value='notifications/initialized', input_type=str]
    For further information visit https://errors.pydantic.dev/2.13/v/literal_error
SetLevelRequest.params.level
  Field required [type=missing, input_value={}, input_type=dict]
    For further information visit https://errors.pydantic.dev/2.13/v/missing
GetPromptRequest.method
  Input should be 'prompts/get' [type=literal_error, input_value='notifications/initialized', input_type=str]
    For further information visit https://errors.pydantic.dev/2.13/v/literal_error
GetPromptRequest.params.name
  Field required [type=missing, input_value={}, input_type=dict]
    For further information visit https://errors.pydantic.dev/2.13/v/missing
ListPromptsRequest.method
  Input should be 'prompts/list' [type=literal_error, input_value='notifications/initialized', input_type=str]
    For further information visit https://errors.pydantic.dev/2.13/v/literal_error
ListResourcesRequest.method
  Input should be 'resources/list' [type=literal_error, input_value='notifications/initialized', input_type=str]
    For further information visit https://errors.pydantic.dev/2.13/v/literal_error
ListResourceTemplatesRequest.method
  Input should be 'resources/templates/list' [type=literal_error, input_value='notifications/initialized', input_type=str]
    For further information visit https://errors.pydantic.dev/2.13/v/literal_error
ReadResourceRequest.method
  Input should be 'resources/read' [type=literal_error, input_value='notifications/initialized', input_type=str]
    For further information visit https://errors.pydantic.dev/2.13/v/literal_error
ReadResourceRequest.params.uri
  Field required [type=missing, input_value={}, input_type=dict]
    For further information visit https://errors.pydantic.dev/2.13/v/missing
SubscribeRequest.method
  Input should be 'resources/subscribe' [type=literal_error, input_value='notifications/initialized', input_type=str]
    For further information visit https://errors.pydantic.dev/2.13/v/literal_error
SubscribeRequest.params.uri
  Field required [type=missing, input_value={}, input_type=dict]
    For further information visit https://errors.pydantic.dev/2.13/v/missing
UnsubscribeRequest.method
  Input should be 'resources/unsubscribe' [type=literal_error, input_value='notifications/initialized', input_type=str]
    For further information visit https://errors.pydantic.dev/2.13/v/literal_error
UnsubscribeRequest.params.uri
  Field required [type=missing, input_value={}, input_type=dict]
    For further information visit https://errors.pydantic.dev/2.13/v/missing
CallToolRequest.method
  Input should be 'tools/call' [type=literal_error, input_value='notifications/initialized', input_type=str]
    For further information visit https://errors.pydantic.dev/2.13/v/literal_error
CallToolRequest.params.name
  Field required [type=missing, input_value={}, input_type=dict]
    For further information visit https://errors.pydantic.dev/2.13/v/missing
ListToolsRequest.method
  Input should be 'tools/list' [type=literal_error, input_value='notifications/initialized', input_type=str]
    For further information visit https://errors.pydantic.dev/2.13/v/literal_error
GetTaskRequest.method
  Input should be 'tasks/get' [type=literal_error, input_value='notifications/initialized', input_type=str]
    For further information visit https://errors.pydantic.dev/2.13/v/literal_error
GetTaskRequest.params.taskId
  Field required [type=missing, input_value={}, input_type=dict]
    For further information visit https://errors.pydantic.dev/2.13/v/missing
GetTaskPayloadRequest.method
  Input should be 'tasks/result' [type=literal_error, input_value='notifications/initialized', input_type=str]
    For further information visit https://errors.pydantic.dev/2.13/v/literal_error
GetTaskPayloadRequest.params.taskId
  Field required [type=missing, input_value={}, input_type=dict]
    For further information visit https://errors.pydantic.dev/2.13/v/missing
ListTasksRequest.method
  Input should be 'tasks/list' [type=literal_error, input_value='notifications/initialized', input_type=str]
    For further information visit https://errors.pydantic.dev/2.13/v/literal_error
CancelTaskRequest.method
  Input should be 'tasks/cancel' [type=literal_error, input_value='notifications/initialized', input_type=str]
    For further information visit https://errors.pydantic.dev/2.13/v/literal_error
CancelTaskRequest.params.taskId
  Field required [type=missing, input_value={}, input_type=dict]
    For further information visit https://errors.pydantic.dev/2.13/v/missing
2026-08-02 23:48:43,478 - mcp.server.streamable_http_manager - INFO - Created new transport with session ID: 30a758d446db42e8863b6e0e7e218a19
2026-08-02 23:48:43,495 - root - WARNING - Failed to validate request: 31 validation errors for ClientRequest
PingRequest.method
  Input should be 'ping' [type=literal_error, input_value='notifications/initialized', input_type=str]
    For further information visit https://errors.pydantic.dev/2.13/v/literal_error
InitializeRequest.method
  Input should be 'initialize' [type=literal_error, input_value='notifications/initialized', input_type=str]
    For further information visit https://errors.pydantic.dev/2.13/v/literal_error
InitializeRequest.params.protocolVersion
  Field required [type=missing, input_value={}, input_type=dict]
    For further information visit https://errors.pydantic.dev/2.13/v/missing
InitializeRequest.params.capabilities
  Field required [type=missing, input_value={}, input_type=dict]
    For further information visit https://errors.pydantic.dev/2.13/v/missing
InitializeRequest.params.clientInfo
  Field required [type=missing, input_value={}, input_type=dict]
    For further information visit https://errors.pydantic.dev/2.13/v/missing
CompleteRequest.method
  Input should be 'completion/complete' [type=literal_error, input_value='notifications/initialized', input_type=str]
    For further information visit https://errors.pydantic.dev/2.13/v/literal_error
CompleteRequest.params.ref
  Field required [type=missing, input_value={}, input_type=dict]
    For further information visit https://errors.pydantic.dev/2.13/v/missing
CompleteRequest.params.argument
  Field required [type=missing, input_value={}, input_type=dict]
    For further information visit https://errors.pydantic.dev/2.13/v/missing
SetLevelRequest.method
  Input should be 'logging/setLevel' [type=literal_error, input_value='notifications/initialized', input_type=str]
    For further information visit https://errors.pydantic.dev/2.13/v/literal_error
SetLevelRequest.params.level
  Field required [type=missing, input_value={}, input_type=dict]
    For further information visit https://errors.pydantic.dev/2.13/v/missing
GetPromptRequest.method
  Input should be 'prompts/get' [type=literal_error, input_value='notifications/initialized', input_type=str]
    For further information visit https://errors.pydantic.dev/2.13/v/literal_error
GetPromptRequest.params.name
  Field required [type=missing, input_value={}, input_type=dict]
    For further information visit https://errors.pydantic.dev/2.13/v/missing
ListPromptsRequest.method
  Input should be 'prompts/list' [type=literal_error, input_value='notifications/initialized', input_type=str]
    For further information visit https://errors.pydantic.dev/2.13/v/literal_error
ListResourcesRequest.method
  Input should be 'resources/list' [type=literal_error, input_value='notifications/initialized', input_type=str]
    For further information visit https://errors.pydantic.dev/2.13/v/literal_error
ListResourceTemplatesRequest.method
  Input should be 'resources/templates/list' [type=literal_error, input_value='notifications/initialized', input_type=str]
    For further information visit https://errors.pydantic.dev/2.13/v/literal_error
ReadResourceRequest.method
  Input should be 'resources/read' [type=literal_error, input_value='notifications/initialized', input_type=str]
    For further information visit https://errors.pydantic.dev/2.13/v/literal_error
ReadResourceRequest.params.uri
  Field required [type=missing, input_value={}, input_type=dict]
    For further information visit https://errors.pydantic.dev/2.13/v/missing
SubscribeRequest.method
  Input should be 'resources/subscribe' [type=literal_error, input_value='notifications/initialized', input_type=str]
    For further information visit https://errors.pydantic.dev/2.13/v/literal_error
SubscribeRequest.params.uri
  Field required [type=missing, input_value={}, input_type=dict]
    For further information visit https://errors.pydantic.dev/2.13/v/missing
UnsubscribeRequest.method
  Input should be 'resources/unsubscribe' [type=literal_error, input_value='notifications/initialized', input_type=str]
    For further information visit https://errors.pydantic.dev/2.13/v/literal_error
UnsubscribeRequest.params.uri
  Field required [type=missing, input_value={}, input_type=dict]
    For further information visit https://errors.pydantic.dev/2.13/v/missing
CallToolRequest.method
  Input should be 'tools/call' [type=literal_error, input_value='notifications/initialized', input_type=str]
    For further information visit https://errors.pydantic.dev/2.13/v/literal_error
CallToolRequest.params.name
  Field required [type=missing, input_value={}, input_type=dict]
    For further information visit https://errors.pydantic.dev/2.13/v/missing
ListToolsRequest.method
  Input should be 'tools/list' [type=literal_error, input_value='notifications/initialized', input_type=str]
    For further information visit https://errors.pydantic.dev/2.13/v/literal_error
GetTaskRequest.method
  Input should be 'tasks/get' [type=literal_error, input_value='notifications/initialized', input_type=str]
    For further information visit https://errors.pydantic.dev/2.13/v/literal_error
GetTaskRequest.params.taskId
  Field required [type=missing, input_value={}, input_type=dict]
    For further information visit https://errors.pydantic.dev/2.13/v/missing
GetTaskPayloadRequest.method
  Input should be 'tasks/result' [type=literal_error, input_value='notifications/initialized', input_type=str]
    For further information visit https://errors.pydantic.dev/2.13/v/literal_error
GetTaskPayloadRequest.params.taskId
  Field required [type=missing, input_value={}, input_type=dict]
    For further information visit https://errors.pydantic.dev/2.13/v/missing
ListTasksRequest.method
  Input should be 'tasks/list' [type=literal_error, input_value='notifications/initialized', input_type=str]
    For further information visit https://errors.pydantic.dev/2.13/v/literal_error
CancelTaskRequest.method
  Input should be 'tasks/cancel' [type=literal_error, input_value='notifications/initialized', input_type=str]
    For further information visit https://errors.pydantic.dev/2.13/v/literal_error
CancelTaskRequest.params.taskId
  Field required [type=missing, input_value={}, input_type=dict]
    For further information visit https://errors.pydantic.dev/2.13/v/missing
2026-08-02 23:48:47,161 - mcp.server.streamable_http_manager - INFO - Created new transport with session ID: c4c9f25732df40ba94ef1f3e26c44a8d
2026-08-02 23:48:47,179 - root - WARNING - Failed to validate request: 31 validation errors for ClientRequest
PingRequest.method
  Input should be 'ping' [type=literal_error, input_value='notifications/initialized', input_type=str]
    For further information visit https://errors.pydantic.dev/2.13/v/literal_error
InitializeRequest.method
  Input should be 'initialize' [type=literal_error, input_value='notifications/initialized', input_type=str]
    For further information visit https://errors.pydantic.dev/2.13/v/literal_error
InitializeRequest.params.protocolVersion
  Field required [type=missing, input_value={}, input_type=dict]
    For further information visit https://errors.pydantic.dev/2.13/v/missing
InitializeRequest.params.capabilities
  Field required [type=missing, input_value={}, input_type=dict]
    For further information visit https://errors.pydantic.dev/2.13/v/missing
InitializeRequest.params.clientInfo
  Field required [type=missing, input_value={}, input_type=dict]
    For further information visit https://errors.pydantic.dev/2.13/v/missing
CompleteRequest.method
  Input should be 'completion/complete' [type=literal_error, input_value='notifications/initialized', input_type=str]
    For further information visit https://errors.pydantic.dev/2.13/v/literal_error
CompleteRequest.params.ref
  Field required [type=missing, input_value={}, input_type=dict]
    For further information visit https://errors.pydantic.dev/2.13/v/missing
CompleteRequest.params.argument
  Field required [type=missing, input_value={}, input_type=dict]
    For further information visit https://errors.pydantic.dev/2.13/v/missing
SetLevelRequest.method
  Input should be 'logging/setLevel' [type=literal_error, input_value='notifications/initialized', input_type=str]
    For further information visit https://errors.pydantic.dev/2.13/v/literal_error
SetLevelRequest.params.level
  Field required [type=missing, input_value={}, input_type=dict]
    For further information visit https://errors.pydantic.dev/2.13/v/missing
GetPromptRequest.method
  Input should be 'prompts/get' [type=literal_error, input_value='notifications/initialized', input_type=str]
    For further information visit https://errors.pydantic.dev/2.13/v/literal_error
GetPromptRequest.params.name
  Field required [type=missing, input_value={}, input_type=dict]
    For further information visit https://errors.pydantic.dev/2.13/v/missing
ListPromptsRequest.method
  Input should be 'prompts/list' [type=literal_error, input_value='notifications/initialized', input_type=str]
    For further information visit https://errors.pydantic.dev/2.13/v/literal_error
ListResourcesRequest.method
  Input should be 'resources/list' [type=literal_error, input_value='notifications/initialized', input_type=str]
    For further information visit https://errors.pydantic.dev/2.13/v/literal_error
ListResourceTemplatesRequest.method
  Input should be 'resources/templates/list' [type=literal_error, input_value='notifications/initialized', input_type=str]
    For further information visit https://errors.pydantic.dev/2.13/v/literal_error
ReadResourceRequest.method
  Input should be 'resources/read' [type=literal_error, input_value='notifications/initialized', input_type=str]
    For further information visit https://errors.pydantic.dev/2.13/v/literal_error
ReadResourceRequest.params.uri
  Field required [type=missing, input_value={}, input_type=dict]
    For further information visit https://errors.pydantic.dev/2.13/v/missing
SubscribeRequest.method
  Input should be 'resources/subscribe' [type=literal_error, input_value='notifications/initialized', input_type=str]
    For further information visit https://errors.pydantic.dev/2.13/v/literal_error
SubscribeRequest.params.uri
  Field required [type=missing, input_value={}, input_type=dict]
    For further information visit https://errors.pydantic.dev/2.13/v/missing
UnsubscribeRequest.method
  Input should be 'resources/unsubscribe' [type=literal_error, input_value='notifications/initialized', input_type=str]
    For further information visit https://errors.pydantic.dev/2.13/v/literal_error
UnsubscribeRequest.params.uri
  Field required [type=missing, input_value={}, input_type=dict]
    For further information visit https://errors.pydantic.dev/2.13/v/missing
CallToolRequest.method
  Input should be 'tools/call' [type=literal_error, input_value='notifications/initialized', input_type=str]
    For further information visit https://errors.pydantic.dev/2.13/v/literal_error
CallToolRequest.params.name
  Field required [type=missing, input_value={}, input_type=dict]
    For further information visit https://errors.pydantic.dev/2.13/v/missing
ListToolsRequest.method
  Input should be 'tools/list' [type=literal_error, input_value='notifications/initialized', input_type=str]
    For further information visit https://errors.pydantic.dev/2.13/v/literal_error
GetTaskRequest.method
  Input should be 'tasks/get' [type=literal_error, input_value='notifications/initialized', input_type=str]
    For further information visit https://errors.pydantic.dev/2.13/v/literal_error
GetTaskRequest.params.taskId
  Field required [type=missing, input_value={}, input_type=dict]
    For further information visit https://errors.pydantic.dev/2.13/v/missing
GetTaskPayloadRequest.method
  Input should be 'tasks/result' [type=literal_error, input_value='notifications/initialized', input_type=str]
    For further information visit https://errors.pydantic.dev/2.13/v/literal_error
GetTaskPayloadRequest.params.taskId
  Field required [type=missing, input_value={}, input_type=dict]
    For further information visit https://errors.pydantic.dev/2.13/v/missing
ListTasksRequest.method
  Input should be 'tasks/list' [type=literal_error, input_value='notifications/initialized', input_type=str]
    For further information visit https://errors.pydantic.dev/2.13/v/literal_error
CancelTaskRequest.method
  Input should be 'tasks/cancel' [type=literal_error, input_value='notifications/initialized', input_type=str]
    For further information visit https://errors.pydantic.dev/2.13/v/literal_error
CancelTaskRequest.params.taskId
  Field required [type=missing, input_value={}, input_type=dict]
    For further information visit https://errors.pydantic.dev/2.13/v/missing
2026-08-02 23:48:50,726 - mcp.server.streamable_http_manager - INFO - Created new transport with session ID: 3b9530fe00144db2a30603a0e46af099
2026-08-02 23:48:50,735 - root - WARNING - Failed to validate request: 31 validation errors for ClientRequest
PingRequest.method
  Input should be 'ping' [type=literal_error, input_value='notifications/initialized', input_type=str]
    For further information visit https://errors.pydantic.dev/2.13/v/literal_error
InitializeRequest.method
  Input should be 'initialize' [type=literal_error, input_value='notifications/initialized', input_type=str]
    For further information visit https://errors.pydantic.dev/2.13/v/literal_error
InitializeRequest.params.protocolVersion
  Field required [type=missing, input_value={}, input_type=dict]
    For further information visit https://errors.pydantic.dev/2.13/v/missing
InitializeRequest.params.capabilities
  Field required [type=missing, input_value={}, input_type=dict]
    For further information visit https://errors.pydantic.dev/2.13/v/missing
InitializeRequest.params.clientInfo
  Field required [type=missing, input_value={}, input_type=dict]
    For further information visit https://errors.pydantic.dev/2.13/v/missing
CompleteRequest.method
  Input should be 'completion/complete' [type=literal_error, input_value='notifications/initialized', input_type=str]
    For further information visit https://errors.pydantic.dev/2.13/v/literal_error
CompleteRequest.params.ref
  Field required [type=missing, input_value={}, input_type=dict]
    For further information visit https://errors.pydantic.dev/2.13/v/missing
CompleteRequest.params.argument
  Field required [type=missing, input_value={}, input_type=dict]
    For further information visit https://errors.pydantic.dev/2.13/v/missing
SetLevelRequest.method
  Input should be 'logging/setLevel' [type=literal_error, input_value='notifications/initialized', input_type=str]
    For further information visit https://errors.pydantic.dev/2.13/v/literal_error
SetLevelRequest.params.level
  Field required [type=missing, input_value={}, input_type=dict]
    For further information visit https://errors.pydantic.dev/2.13/v/missing
GetPromptRequest.method
  Input should be 'prompts/get' [type=literal_error, input_value='notifications/initialized', input_type=str]
    For further information visit https://errors.pydantic.dev/2.13/v/literal_error
GetPromptRequest.params.name
  Field required [type=missing, input_value={}, input_type=dict]
    For further information visit https://errors.pydantic.dev/2.13/v/missing
ListPromptsRequest.method
  Input should be 'prompts/list' [type=literal_error, input_value='notifications/initialized', input_type=str]
    For further information visit https://errors.pydantic.dev/2.13/v/literal_error
ListResourcesRequest.method
  Input should be 'resources/list' [type=literal_error, input_value='notifications/initialized', input_type=str]
    For further information visit https://errors.pydantic.dev/2.13/v/literal_error
ListResourceTemplatesRequest.method
  Input should be 'resources/templates/list' [type=literal_error, input_value='notifications/initialized', input_type=str]
    For further information visit https://errors.pydantic.dev/2.13/v/literal_error
ReadResourceRequest.method
  Input should be 'resources/read' [type=literal_error, input_value='notifications/initialized', input_type=str]
    For further information visit https://errors.pydantic.dev/2.13/v/literal_error
ReadResourceRequest.params.uri
  Field required [type=missing, input_value={}, input_type=dict]
    For further information visit https://errors.pydantic.dev/2.13/v/missing
SubscribeRequest.method
  Input should be 'resources/subscribe' [type=literal_error, input_value='notifications/initialized', input_type=str]
    For further information visit https://errors.pydantic.dev/2.13/v/literal_error
SubscribeRequest.params.uri
  Field required [type=missing, input_value={}, input_type=dict]
    For further information visit https://errors.pydantic.dev/2.13/v/missing
UnsubscribeRequest.method
  Input should be 'resources/unsubscribe' [type=literal_error, input_value='notifications/initialized', input_type=str]
    For further information visit https://errors.pydantic.dev/2.13/v/literal_error
UnsubscribeRequest.params.uri
  Field required [type=missing, input_value={}, input_type=dict]
    For further information visit https://errors.pydantic.dev/2.13/v/missing
CallToolRequest.method
  Input should be 'tools/call' [type=literal_error, input_value='notifications/initialized', input_type=str]
    For further information visit https://errors.pydantic.dev/2.13/v/literal_error
CallToolRequest.params.name
  Field required [type=missing, input_value={}, input_type=dict]
    For further information visit https://errors.pydantic.dev/2.13/v/missing
ListToolsRequest.method
  Input should be 'tools/list' [type=literal_error, input_value='notifications/initialized', input_type=str]
    For further information visit https://errors.pydantic.dev/2.13/v/literal_error
GetTaskRequest.method
  Input should be 'tasks/get' [type=literal_error, input_value='notifications/initialized', input_type=str]
    For further information visit https://errors.pydantic.dev/2.13/v/literal_error
GetTaskRequest.params.taskId
  Field required [type=missing, input_value={}, input_type=dict]
    For further information visit https://errors.pydantic.dev/2.13/v/missing
GetTaskPayloadRequest.method
  Input should be 'tasks/result' [type=literal_error, input_value='notifications/initialized', input_type=str]
    For further information visit https://errors.pydantic.dev/2.13/v/literal_error
GetTaskPayloadRequest.params.taskId
  Field required [type=missing, input_value={}, input_type=dict]
    For further information visit https://errors.pydantic.dev/2.13/v/missing
ListTasksRequest.method
  Input should be 'tasks/list' [type=literal_error, input_value='notifications/initialized', input_type=str]
    For further information visit https://errors.pydantic.dev/2.13/v/literal_error
CancelTaskRequest.method
  Input should be 'tasks/cancel' [type=literal_error, input_value='notifications/initialized', input_type=str]
    For further information visit https://errors.pydantic.dev/2.13/v/literal_error
CancelTaskRequest.params.taskId
  Field required [type=missing, input_value={}, input_type=dict]
    For further information visit https://errors.pydantic.dev/2.13/v/missing
2026-08-02 23:48:54,124 - mcp.server.streamable_http_manager - INFO - Created new transport with session ID: 5dd5ce6aae2642278f5cd8d8dea90cd5
2026-08-02 23:48:54,140 - root - WARNING - Failed to validate request: 31 validation errors for ClientRequest
PingRequest.method
  Input should be 'ping' [type=literal_error, input_value='notifications/initialized', input_type=str]
    For further information visit https://errors.pydantic.dev/2.13/v/literal_error
InitializeRequest.method
  Input should be 'initialize' [type=literal_error, input_value='notifications/initialized', input_type=str]
    For further information visit https://errors.pydantic.dev/2.13/v/literal_error
InitializeRequest.params.protocolVersion
  Field required [type=missing, input_value={}, input_type=dict]
    For further information visit https://errors.pydantic.dev/2.13/v/missing
InitializeRequest.params.capabilities
  Field required [type=missing, input_value={}, input_type=dict]
    For further information visit https://errors.pydantic.dev/2.13/v/missing
InitializeRequest.params.clientInfo
  Field required [type=missing, input_value={}, input_type=dict]
    For further information visit https://errors.pydantic.dev/2.13/v/missing
CompleteRequest.method
  Input should be 'completion/complete' [type=literal_error, input_value='notifications/initialized', input_type=str]
    For further information visit https://errors.pydantic.dev/2.13/v/literal_error
CompleteRequest.params.ref
  Field required [type=missing, input_value={}, input_type=dict]
    For further information visit https://errors.pydantic.dev/2.13/v/missing
CompleteRequest.params.argument
  Field required [type=missing, input_value={}, input_type=dict]
    For further information visit https://errors.pydantic.dev/2.13/v/missing
SetLevelRequest.method
  Input should be 'logging/setLevel' [type=literal_error, input_value='notifications/initialized', input_type=str]
    For further information visit https://errors.pydantic.dev/2.13/v/literal_error
SetLevelRequest.params.level
  Field required [type=missing, input_value={}, input_type=dict]
    For further information visit https://errors.pydantic.dev/2.13/v/missing
GetPromptRequest.method
  Input should be 'prompts/get' [type=literal_error, input_value='notifications/initialized', input_type=str]
    For further information visit https://errors.pydantic.dev/2.13/v/literal_error
GetPromptRequest.params.name
  Field required [type=missing, input_value={}, input_type=dict]
    For further information visit https://errors.pydantic.dev/2.13/v/missing
ListPromptsRequest.method
  Input should be 'prompts/list' [type=literal_error, input_value='notifications/initialized', input_type=str]
    For further information visit https://errors.pydantic.dev/2.13/v/literal_error
ListResourcesRequest.method
  Input should be 'resources/list' [type=literal_error, input_value='notifications/initialized', input_type=str]
    For further information visit https://errors.pydantic.dev/2.13/v/literal_error
ListResourceTemplatesRequest.method
  Input should be 'resources/templates/list' [type=literal_error, input_value='notifications/initialized', input_type=str]
    For further information visit https://errors.pydantic.dev/2.13/v/literal_error
ReadResourceRequest.method
  Input should be 'resources/read' [type=literal_error, input_value='notifications/initialized', input_type=str]
    For further information visit https://errors.pydantic.dev/2.13/v/literal_error
ReadResourceRequest.params.uri
  Field required [type=missing, input_value={}, input_type=dict]
    For further information visit https://errors.pydantic.dev/2.13/v/missing
SubscribeRequest.method
  Input should be 'resources/subscribe' [type=literal_error, input_value='notifications/initialized', input_type=str]
    For further information visit https://errors.pydantic.dev/2.13/v/literal_error
SubscribeRequest.params.uri
  Field required [type=missing, input_value={}, input_type=dict]
    For further information visit https://errors.pydantic.dev/2.13/v/missing
UnsubscribeRequest.method
  Input should be 'resources/unsubscribe' [type=literal_error, input_value='notifications/initialized', input_type=str]
    For further information visit https://errors.pydantic.dev/2.13/v/literal_error
UnsubscribeRequest.params.uri
  Field required [type=missing, input_value={}, input_type=dict]
    For further information visit https://errors.pydantic.dev/2.13/v/missing
CallToolRequest.method
  Input should be 'tools/call' [type=literal_error, input_value='notifications/initialized', input_type=str]
    For further information visit https://errors.pydantic.dev/2.13/v/literal_error
CallToolRequest.params.name
  Field required [type=missing, input_value={}, input_type=dict]
    For further information visit https://errors.pydantic.dev/2.13/v/missing
ListToolsRequest.method
  Input should be 'tools/list' [type=literal_error, input_value='notifications/initialized', input_type=str]
    For further information visit https://errors.pydantic.dev/2.13/v/literal_error
GetTaskRequest.method
  Input should be 'tasks/get' [type=literal_error, input_value='notifications/initialized', input_type=str]
    For further information visit https://errors.pydantic.dev/2.13/v/literal_error
GetTaskRequest.params.taskId
  Field required [type=missing, input_value={}, input_type=dict]
    For further information visit https://errors.pydantic.dev/2.13/v/missing
GetTaskPayloadRequest.method
  Input should be 'tasks/result' [type=literal_error, input_value='notifications/initialized', input_type=str]
    For further information visit https://errors.pydantic.dev/2.13/v/literal_error
GetTaskPayloadRequest.params.taskId
  Field required [type=missing, input_value={}, input_type=dict]
    For further information visit https://errors.pydantic.dev/2.13/v/missing
ListTasksRequest.method
  Input should be 'tasks/list' [type=literal_error, input_value='notifications/initialized', input_type=str]
    For further information visit https://errors.pydantic.dev/2.13/v/literal_error
CancelTaskRequest.method
  Input should be 'tasks/cancel' [type=literal_error, input_value='notifications/initialized', input_type=str]
    For further information visit https://errors.pydantic.dev/2.13/v/literal_error
CancelTaskRequest.params.taskId
  Field required [type=missing, input_value={}, input_type=dict]
    For further information visit https://errors.pydantic.dev/2.13/v/missing
2026-08-02 23:48:57,497 - mcp.server.streamable_http_manager - INFO - Created new transport with session ID: 721fa1c40a2a4182ac22d8e1e70f47e1
2026-08-02 23:48:57,505 - root - WARNING - Failed to validate request: 31 validation errors for ClientRequest
PingRequest.method
  Input should be 'ping' [type=literal_error, input_value='notifications/initialized', input_type=str]
    For further information visit https://errors.pydantic.dev/2.13/v/literal_error
InitializeRequest.method
  Input should be 'initialize' [type=literal_error, input_value='notifications/initialized', input_type=str]
    For further information visit https://errors.pydantic.dev/2.13/v/literal_error
InitializeRequest.params.protocolVersion
  Field required [type=missing, input_value={}, input_type=dict]
    For further information visit https://errors.pydantic.dev/2.13/v/missing
InitializeRequest.params.capabilities
  Field required [type=missing, input_value={}, input_type=dict]
    For further information visit https://errors.pydantic.dev/2.13/v/missing
InitializeRequest.params.clientInfo
  Field required [type=missing, input_value={}, input_type=dict]
    For further information visit https://errors.pydantic.dev/2.13/v/missing
CompleteRequest.method
  Input should be 'completion/complete' [type=literal_error, input_value='notifications/initialized', input_type=str]
    For further information visit https://errors.pydantic.dev/2.13/v/literal_error
CompleteRequest.params.ref
  Field required [type=missing, input_value={}, input_type=dict]
    For further information visit https://errors.pydantic.dev/2.13/v/missing
CompleteRequest.params.argument
  Field required [type=missing, input_value={}, input_type=dict]
    For further information visit https://errors.pydantic.dev/2.13/v/missing
SetLevelRequest.method
  Input should be 'logging/setLevel' [type=literal_error, input_value='notifications/initialized', input_type=str]
    For further information visit https://errors.pydantic.dev/2.13/v/literal_error
SetLevelRequest.params.level
  Field required [type=missing, input_value={}, input_type=dict]
    For further information visit https://errors.pydantic.dev/2.13/v/missing
GetPromptRequest.method
  Input should be 'prompts/get' [type=literal_error, input_value='notifications/initialized', input_type=str]
    For further information visit https://errors.pydantic.dev/2.13/v/literal_error
GetPromptRequest.params.name
  Field required [type=missing, input_value={}, input_type=dict]
    For further information visit https://errors.pydantic.dev/2.13/v/missing
ListPromptsRequest.method
  Input should be 'prompts/list' [type=literal_error, input_value='notifications/initialized', input_type=str]
    For further information visit https://errors.pydantic.dev/2.13/v/literal_error
ListResourcesRequest.method
  Input should be 'resources/list' [type=literal_error, input_value='notifications/initialized', input_type=str]
    For further information visit https://errors.pydantic.dev/2.13/v/literal_error
ListResourceTemplatesRequest.method
  Input should be 'resources/templates/list' [type=literal_error, input_value='notifications/initialized', input_type=str]
    For further information visit https://errors.pydantic.dev/2.13/v/literal_error
ReadResourceRequest.method
  Input should be 'resources/read' [type=literal_error, input_value='notifications/initialized', input_type=str]
    For further information visit https://errors.pydantic.dev/2.13/v/literal_error
ReadResourceRequest.params.uri
  Field required [type=missing, input_value={}, input_type=dict]
    For further information visit https://errors.pydantic.dev/2.13/v/missing
SubscribeRequest.method
  Input should be 'resources/subscribe' [type=literal_error, input_value='notifications/initialized', input_type=str]
    For further information visit https://errors.pydantic.dev/2.13/v/literal_error
SubscribeRequest.params.uri
  Field required [type=missing, input_value={}, input_type=dict]
    For further information visit https://errors.pydantic.dev/2.13/v/missing
UnsubscribeRequest.method
  Input should be 'resources/unsubscribe' [type=literal_error, input_value='notifications/initialized', input_type=str]
    For further information visit https://errors.pydantic.dev/2.13/v/literal_error
UnsubscribeRequest.params.uri
  Field required [type=missing, input_value={}, input_type=dict]
    For further information visit https://errors.pydantic.dev/2.13/v/missing
CallToolRequest.method
  Input should be 'tools/call' [type=literal_error, input_value='notifications/initialized', input_type=str]
    For further information visit https://errors.pydantic.dev/2.13/v/literal_error
CallToolRequest.params.name
  Field required [type=missing, input_value={}, input_type=dict]
    For further information visit https://errors.pydantic.dev/2.13/v/missing
ListToolsRequest.method
  Input should be 'tools/list' [type=literal_error, input_value='notifications/initialized', input_type=str]
    For further information visit https://errors.pydantic.dev/2.13/v/literal_error
GetTaskRequest.method
  Input should be 'tasks/get' [type=literal_error, input_value='notifications/initialized', input_type=str]
    For further information visit https://errors.pydantic.dev/2.13/v/literal_error
GetTaskRequest.params.taskId
  Field required [type=missing, input_value={}, input_type=dict]
    For further information visit https://errors.pydantic.dev/2.13/v/missing
GetTaskPayloadRequest.method
  Input should be 'tasks/result' [type=literal_error, input_value='notifications/initialized', input_type=str]
    For further information visit https://errors.pydantic.dev/2.13/v/literal_error
GetTaskPayloadRequest.params.taskId
  Field required [type=missing, input_value={}, input_type=dict]
    For further information visit https://errors.pydantic.dev/2.13/v/missing
ListTasksRequest.method
  Input should be 'tasks/list' [type=literal_error, input_value='notifications/initialized', input_type=str]
    For further information visit https://errors.pydantic.dev/2.13/v/literal_error
CancelTaskRequest.method
  Input should be 'tasks/cancel' [type=literal_error, input_value='notifications/initialized', input_type=str]
    For further information visit https://errors.pydantic.dev/2.13/v/literal_error
CancelTaskRequest.params.taskId
  Field required [type=missing, input_value={}, input_type=dict]
    For further information visit https://errors.pydantic.dev/2.13/v/missing
2026-08-02 23:49:00,877 - mcp.server.streamable_http_manager - INFO - Created new transport with session ID: 8b95d443ac1c4450bea3469541749899
2026-08-02 23:49:01,278 - root - WARNING - Failed to validate request: 31 validation errors for ClientRequest
PingRequest.method
  Input should be 'ping' [type=literal_error, input_value='notifications/initialized', input_type=str]
    For further information visit https://errors.pydantic.dev/2.13/v/literal_error
InitializeRequest.method
  Input should be 'initialize' [type=literal_error, input_value='notifications/initialized', input_type=str]
    For further information visit https://errors.pydantic.dev/2.13/v/literal_error
InitializeRequest.params.protocolVersion
  Field required [type=missing, input_value={}, input_type=dict]
    For further information visit https://errors.pydantic.dev/2.13/v/missing
InitializeRequest.params.capabilities
  Field required [type=missing, input_value={}, input_type=dict]
    For further information visit https://errors.pydantic.dev/2.13/v/missing
InitializeRequest.params.clientInfo
  Field required [type=missing, input_value={}, input_type=dict]
    For further information visit https://errors.pydantic.dev/2.13/v/missing
CompleteRequest.method
  Input should be 'completion/complete' [type=literal_error, input_value='notifications/initialized', input_type=str]
    For further information visit https://errors.pydantic.dev/2.13/v/literal_error
CompleteRequest.params.ref
  Field required [type=missing, input_value={}, input_type=dict]
    For further information visit https://errors.pydantic.dev/2.13/v/missing
CompleteRequest.params.argument
  Field required [type=missing, input_value={}, input_type=dict]
    For further information visit https://errors.pydantic.dev/2.13/v/missing
SetLevelRequest.method
  Input should be 'logging/setLevel' [type=literal_error, input_value='notifications/initialized', input_type=str]
    For further information visit https://errors.pydantic.dev/2.13/v/literal_error
SetLevelRequest.params.level
  Field required [type=missing, input_value={}, input_type=dict]
    For further information visit https://errors.pydantic.dev/2.13/v/missing
GetPromptRequest.method
  Input should be 'prompts/get' [type=literal_error, input_value='notifications/initialized', input_type=str]
    For further information visit https://errors.pydantic.dev/2.13/v/literal_error
GetPromptRequest.params.name
  Field required [type=missing, input_value={}, input_type=dict]
    For further information visit https://errors.pydantic.dev/2.13/v/missing
ListPromptsRequest.method
  Input should be 'prompts/list' [type=literal_error, input_value='notifications/initialized', input_type=str]
    For further information visit https://errors.pydantic.dev/2.13/v/literal_error
ListResourcesRequest.method
  Input should be 'resources/list' [type=literal_error, input_value='notifications/initialized', input_type=str]
    For further information visit https://errors.pydantic.dev/2.13/v/literal_error
ListResourceTemplatesRequest.method
  Input should be 'resources/templates/list' [type=literal_error, input_value='notifications/initialized', input_type=str]
    For further information visit https://errors.pydantic.dev/2.13/v/literal_error
ReadResourceRequest.method
  Input should be 'resources/read' [type=literal_error, input_value='notifications/initialized', input_type=str]
    For further information visit https://errors.pydantic.dev/2.13/v/literal_error
ReadResourceRequest.params.uri
  Field required [type=missing, input_value={}, input_type=dict]
    For further information visit https://errors.pydantic.dev/2.13/v/missing
SubscribeRequest.method
  Input should be 'resources/subscribe' [type=literal_error, input_value='notifications/initialized', input_type=str]
    For further information visit https://errors.pydantic.dev/2.13/v/literal_error
SubscribeRequest.params.uri
  Field required [type=missing, input_value={}, input_type=dict]
    For further information visit https://errors.pydantic.dev/2.13/v/missing
UnsubscribeRequest.method
  Input should be 'resources/unsubscribe' [type=literal_error, input_value='notifications/initialized', input_type=str]
    For further information visit https://errors.pydantic.dev/2.13/v/literal_error
UnsubscribeRequest.params.uri
  Field required [type=missing, input_value={}, input_type=dict]
    For further information visit https://errors.pydantic.dev/2.13/v/missing
CallToolRequest.method
  Input should be 'tools/call' [type=literal_error, input_value='notifications/initialized', input_type=str]
    For further information visit https://errors.pydantic.dev/2.13/v/literal_error
CallToolRequest.params.name
  Field required [type=missing, input_value={}, input_type=dict]
    For further information visit https://errors.pydantic.dev/2.13/v/missing
ListToolsRequest.method
  Input should be 'tools/list' [type=literal_error, input_value='notifications/initialized', input_type=str]
    For further information visit https://errors.pydantic.dev/2.13/v/literal_error
GetTaskRequest.method
  Input should be 'tasks/get' [type=literal_error, input_value='notifications/initialized', input_type=str]
    For further information visit https://errors.pydantic.dev/2.13/v/literal_error
GetTaskRequest.params.taskId
  Field required [type=missing, input_value={}, input_type=dict]
    For further information visit https://errors.pydantic.dev/2.13/v/missing
GetTaskPayloadRequest.method
  Input should be 'tasks/result' [type=literal_error, input_value='notifications/initialized', input_type=str]
    For further information visit https://errors.pydantic.dev/2.13/v/literal_error
GetTaskPayloadRequest.params.taskId
  Field required [type=missing, input_value={}, input_type=dict]
    For further information visit https://errors.pydantic.dev/2.13/v/missing
ListTasksRequest.method
  Input should be 'tasks/list' [type=literal_error, input_value='notifications/initialized', input_type=str]
    For further information visit https://errors.pydantic.dev/2.13/v/literal_error
CancelTaskRequest.method
  Input should be 'tasks/cancel' [type=literal_error, input_value='notifications/initialized', input_type=str]
    For further information visit https://errors.pydantic.dev/2.13/v/literal_error
CancelTaskRequest.params.taskId
  Field required [type=missing, input_value={}, input_type=dict]
    For further information visit https://errors.pydantic.dev/2.13/v/missing
2026-08-02 23:49:05,033 - mcp.server.streamable_http_manager - INFO - Created new transport with session ID: eef8d0f74f5f445da36b3025c14029af
2026-08-02 23:49:05,044 - root - WARNING - Failed to validate request: 31 validation errors for ClientRequest
PingRequest.method
  Input should be 'ping' [type=literal_error, input_value='notifications/initialized', input_type=str]
    For further information visit https://errors.pydantic.dev/2.13/v/literal_error
InitializeRequest.method
  Input should be 'initialize' [type=literal_error, input_value='notifications/initialized', input_type=str]
    For further information visit https://errors.pydantic.dev/2.13/v/literal_error
InitializeRequest.params.protocolVersion
  Field required [type=missing, input_value={}, input_type=dict]
    For further information visit https://errors.pydantic.dev/2.13/v/missing
InitializeRequest.params.capabilities
  Field required [type=missing, input_value={}, input_type=dict]
    For further information visit https://errors.pydantic.dev/2.13/v/missing
InitializeRequest.params.clientInfo
  Field required [type=missing, input_value={}, input_type=dict]
    For further information visit https://errors.pydantic.dev/2.13/v/missing
CompleteRequest.method
  Input should be 'completion/complete' [type=literal_error, input_value='notifications/initialized', input_type=str]
    For further information visit https://errors.pydantic.dev/2.13/v/literal_error
CompleteRequest.params.ref
  Field required [type=missing, input_value={}, input_type=dict]
    For further information visit https://errors.pydantic.dev/2.13/v/missing
CompleteRequest.params.argument
  Field required [type=missing, input_value={}, input_type=dict]
    For further information visit https://errors.pydantic.dev/2.13/v/missing
SetLevelRequest.method
  Input should be 'logging/setLevel' [type=literal_error, input_value='notifications/initialized', input_type=str]
    For further information visit https://errors.pydantic.dev/2.13/v/literal_error
SetLevelRequest.params.level
  Field required [type=missing, input_value={}, input_type=dict]
    For further information visit https://errors.pydantic.dev/2.13/v/missing
GetPromptRequest.method
  Input should be 'prompts/get' [type=literal_error, input_value='notifications/initialized', input_type=str]
    For further information visit https://errors.pydantic.dev/2.13/v/literal_error
GetPromptRequest.params.name
  Field required [type=missing, input_value={}, input_type=dict]
    For further information visit https://errors.pydantic.dev/2.13/v/missing
ListPromptsRequest.method
  Input should be 'prompts/list' [type=literal_error, input_value='notifications/initialized', input_type=str]
    For further information visit https://errors.pydantic.dev/2.13/v/literal_error
ListResourcesRequest.method
  Input should be 'resources/list' [type=literal_error, input_value='notifications/initialized', input_type=str]
    For further information visit https://errors.pydantic.dev/2.13/v/literal_error
ListResourceTemplatesRequest.method
  Input should be 'resources/templates/list' [type=literal_error, input_value='notifications/initialized', input_type=str]
    For further information visit https://errors.pydantic.dev/2.13/v/literal_error
ReadResourceRequest.method
  Input should be 'resources/read' [type=literal_error, input_value='notifications/initialized', input_type=str]
    For further information visit https://errors.pydantic.dev/2.13/v/literal_error
ReadResourceRequest.params.uri
  Field required [type=missing, input_value={}, input_type=dict]
    For further information visit https://errors.pydantic.dev/2.13/v/missing
SubscribeRequest.method
  Input should be 'resources/subscribe' [type=literal_error, input_value='notifications/initialized', input_type=str]
    For further information visit https://errors.pydantic.dev/2.13/v/literal_error
SubscribeRequest.params.uri
  Field required [type=missing, input_value={}, input_type=dict]
    For further information visit https://errors.pydantic.dev/2.13/v/missing
UnsubscribeRequest.method
  Input should be 'resources/unsubscribe' [type=literal_error, input_value='notifications/initialized', input_type=str]
    For further information visit https://errors.pydantic.dev/2.13/v/literal_error
UnsubscribeRequest.params.uri
  Field required [type=missing, input_value={}, input_type=dict]
    For further information visit https://errors.pydantic.dev/2.13/v/missing
CallToolRequest.method
  Input should be 'tools/call' [type=literal_error, input_value='notifications/initialized', input_type=str]
    For further information visit https://errors.pydantic.dev/2.13/v/literal_error
CallToolRequest.params.name
  Field required [type=missing, input_value={}, input_type=dict]
    For further information visit https://errors.pydantic.dev/2.13/v/missing
ListToolsRequest.method
  Input should be 'tools/list' [type=literal_error, input_value='notifications/initialized', input_type=str]
    For further information visit https://errors.pydantic.dev/2.13/v/literal_error
GetTaskRequest.method
  Input should be 'tasks/get' [type=literal_error, input_value='notifications/initialized', input_type=str]
    For further information visit https://errors.pydantic.dev/2.13/v/literal_error
GetTaskRequest.params.taskId
  Field required [type=missing, input_value={}, input_type=dict]
    For further information visit https://errors.pydantic.dev/2.13/v/missing
GetTaskPayloadRequest.method
  Input should be 'tasks/result' [type=literal_error, input_value='notifications/initialized', input_type=str]
    For further information visit https://errors.pydantic.dev/2.13/v/literal_error
GetTaskPayloadRequest.params.taskId
  Field required [type=missing, input_value={}, input_type=dict]
    For further information visit https://errors.pydantic.dev/2.13/v/missing
ListTasksRequest.method
  Input should be 'tasks/list' [type=literal_error, input_value='notifications/initialized', input_type=str]
    For further information visit https://errors.pydantic.dev/2.13/v/literal_error
CancelTaskRequest.method
  Input should be 'tasks/cancel' [type=literal_error, input_value='notifications/initialized', input_type=str]
    For further information visit https://errors.pydantic.dev/2.13/v/literal_error
CancelTaskRequest.params.taskId
  Field required [type=missing, input_value={}, input_type=dict]
    For further information visit https://errors.pydantic.dev/2.13/v/missing
2026-08-02 23:49:08,419 - mcp.server.streamable_http_manager - INFO - Created new transport with session ID: 2ca55d44b0a84b1d8ed853b52f76c6d5
2026-08-02 23:49:08,430 - root - WARNING - Failed to validate request: 31 validation errors for ClientRequest
PingRequest.method
  Input should be 'ping' [type=literal_error, input_value='notifications/initialized', input_type=str]
    For further information visit https://errors.pydantic.dev/2.13/v/literal_error
InitializeRequest.method
  Input should be 'initialize' [type=literal_error, input_value='notifications/initialized', input_type=str]
    For further information visit https://errors.pydantic.dev/2.13/v/literal_error
InitializeRequest.params.protocolVersion
  Field required [type=missing, input_value={}, input_type=dict]
    For further information visit https://errors.pydantic.dev/2.13/v/missing
InitializeRequest.params.capabilities
  Field required [type=missing, input_value={}, input_type=dict]
    For further information visit https://errors.pydantic.dev/2.13/v/missing
InitializeRequest.params.clientInfo
  Field required [type=missing, input_value={}, input_type=dict]
    For further information visit https://errors.pydantic.dev/2.13/v/missing
CompleteRequest.method
  Input should be 'completion/complete' [type=literal_error, input_value='notifications/initialized', input_type=str]
    For further information visit https://errors.pydantic.dev/2.13/v/literal_error
CompleteRequest.params.ref
  Field required [type=missing, input_value={}, input_type=dict]
    For further information visit https://errors.pydantic.dev/2.13/v/missing
CompleteRequest.params.argument
  Field required [type=missing, input_value={}, input_type=dict]
    For further information visit https://errors.pydantic.dev/2.13/v/missing
SetLevelRequest.method
  Input should be 'logging/setLevel' [type=literal_error, input_value='notifications/initialized', input_type=str]
    For further information visit https://errors.pydantic.dev/2.13/v/literal_error
SetLevelRequest.params.level
  Field required [type=missing, input_value={}, input_type=dict]
    For further information visit https://errors.pydantic.dev/2.13/v/missing
GetPromptRequest.method
  Input should be 'prompts/get' [type=literal_error, input_value='notifications/initialized', input_type=str]
    For further information visit https://errors.pydantic.dev/2.13/v/literal_error
GetPromptRequest.params.name
  Field required [type=missing, input_value={}, input_type=dict]
    For further information visit https://errors.pydantic.dev/2.13/v/missing
ListPromptsRequest.method
  Input should be 'prompts/list' [type=literal_error, input_value='notifications/initialized', input_type=str]
    For further information visit https://errors.pydantic.dev/2.13/v/literal_error
ListResourcesRequest.method
  Input should be 'resources/list' [type=literal_error, input_value='notifications/initialized', input_type=str]
    For further information visit https://errors.pydantic.dev/2.13/v/literal_error
ListResourceTemplatesRequest.method
  Input should be 'resources/templates/list' [type=literal_error, input_value='notifications/initialized', input_type=str]
    For further information visit https://errors.pydantic.dev/2.13/v/literal_error
ReadResourceRequest.method
  Input should be 'resources/read' [type=literal_error, input_value='notifications/initialized', input_type=str]
    For further information visit https://errors.pydantic.dev/2.13/v/literal_error
ReadResourceRequest.params.uri
  Field required [type=missing, input_value={}, input_type=dict]
    For further information visit https://errors.pydantic.dev/2.13/v/missing
SubscribeRequest.method
  Input should be 'resources/subscribe' [type=literal_error, input_value='notifications/initialized', input_type=str]
    For further information visit https://errors.pydantic.dev/2.13/v/literal_error
SubscribeRequest.params.uri
  Field required [type=missing, input_value={}, input_type=dict]
    For further information visit https://errors.pydantic.dev/2.13/v/missing
UnsubscribeRequest.method
  Input should be 'resources/unsubscribe' [type=literal_error, input_value='notifications/initialized', input_type=str]
    For further information visit https://errors.pydantic.dev/2.13/v/literal_error
UnsubscribeRequest.params.uri
  Field required [type=missing, input_value={}, input_type=dict]
    For further information visit https://errors.pydantic.dev/2.13/v/missing
CallToolRequest.method
  Input should be 'tools/call' [type=literal_error, input_value='notifications/initialized', input_type=str]
    For further information visit https://errors.pydantic.dev/2.13/v/literal_error
CallToolRequest.params.name
  Field required [type=missing, input_value={}, input_type=dict]
    For further information visit https://errors.pydantic.dev/2.13/v/missing
ListToolsRequest.method
  Input should be 'tools/list' [type=literal_error, input_value='notifications/initialized', input_type=str]
    For further information visit https://errors.pydantic.dev/2.13/v/literal_error
GetTaskRequest.method
  Input should be 'tasks/get' [type=literal_error, input_value='notifications/initialized', input_type=str]
    For further information visit https://errors.pydantic.dev/2.13/v/literal_error
GetTaskRequest.params.taskId
  Field required [type=missing, input_value={}, input_type=dict]
    For further information visit https://errors.pydantic.dev/2.13/v/missing
GetTaskPayloadRequest.method
  Input should be 'tasks/result' [type=literal_error, input_value='notifications/initialized', input_type=str]
    For further information visit https://errors.pydantic.dev/2.13/v/literal_error
GetTaskPayloadRequest.params.taskId
  Field required [type=missing, input_value={}, input_type=dict]
    For further information visit https://errors.pydantic.dev/2.13/v/missing
ListTasksRequest.method
  Input should be 'tasks/list' [type=literal_error, input_value='notifications/initialized', input_type=str]
    For further information visit https://errors.pydantic.dev/2.13/v/literal_error
CancelTaskRequest.method
  Input should be 'tasks/cancel' [type=literal_error, input_value='notifications/initialized', input_type=str]
    For further information visit https://errors.pydantic.dev/2.13/v/literal_error
CancelTaskRequest.params.taskId
  Field required [type=missing, input_value={}, input_type=dict]
    For further information visit https://errors.pydantic.dev/2.13/v/missing
2026-08-02 23:49:11,886 - mcp.server.streamable_http_manager - INFO - Created new transport with session ID: cde1a6a16d3749d7bfa179efb0035fba
2026-08-02 23:49:11,896 - root - WARNING - Failed to validate request: 31 validation errors for ClientRequest
PingRequest.method
  Input should be 'ping' [type=literal_error, input_value='notifications/initialized', input_type=str]
    For further information visit https://errors.pydantic.dev/2.13/v/literal_error
InitializeRequest.method
  Input should be 'initialize' [type=literal_error, input_value='notifications/initialized', input_type=str]
    For further information visit https://errors.pydantic.dev/2.13/v/literal_error
InitializeRequest.params.protocolVersion
  Field required [type=missing, input_value={}, input_type=dict]
    For further information visit https://errors.pydantic.dev/2.13/v/missing
InitializeRequest.params.capabilities
  Field required [type=missing, input_value={}, input_type=dict]
    For further information visit https://errors.pydantic.dev/2.13/v/missing
InitializeRequest.params.clientInfo
  Field required [type=missing, input_value={}, input_type=dict]
    For further information visit https://errors.pydantic.dev/2.13/v/missing
CompleteRequest.method
  Input should be 'completion/complete' [type=literal_error, input_value='notifications/initialized', input_type=str]
    For further information visit https://errors.pydantic.dev/2.13/v/literal_error
CompleteRequest.params.ref
  Field required [type=missing, input_value={}, input_type=dict]
    For further information visit https://errors.pydantic.dev/2.13/v/missing
CompleteRequest.params.argument
  Field required [type=missing, input_value={}, input_type=dict]
    For further information visit https://errors.pydantic.dev/2.13/v/missing
SetLevelRequest.method
  Input should be 'logging/setLevel' [type=literal_error, input_value='notifications/initialized', input_type=str]
    For further information visit https://errors.pydantic.dev/2.13/v/literal_error
SetLevelRequest.params.level
  Field required [type=missing, input_value={}, input_type=dict]
    For further information visit https://errors.pydantic.dev/2.13/v/missing
GetPromptRequest.method
  Input should be 'prompts/get' [type=literal_error, input_value='notifications/initialized', input_type=str]
    For further information visit https://errors.pydantic.dev/2.13/v/literal_error
GetPromptRequest.params.name
  Field required [type=missing, input_value={}, input_type=dict]
    For further information visit https://errors.pydantic.dev/2.13/v/missing
ListPromptsRequest.method
  Input should be 'prompts/list' [type=literal_error, input_value='notifications/initialized', input_type=str]
    For further information visit https://errors.pydantic.dev/2.13/v/literal_error
ListResourcesRequest.method
  Input should be 'resources/list' [type=literal_error, input_value='notifications/initialized', input_type=str]
    For further information visit https://errors.pydantic.dev/2.13/v/literal_error
ListResourceTemplatesRequest.method
  Input should be 'resources/templates/list' [type=literal_error, input_value='notifications/initialized', input_type=str]
    For further information visit https://errors.pydantic.dev/2.13/v/literal_error
ReadResourceRequest.method
  Input should be 'resources/read' [type=literal_error, input_value='notifications/initialized', input_type=str]
    For further information visit https://errors.pydantic.dev/2.13/v/literal_error
ReadResourceRequest.params.uri
  Field required [type=missing, input_value={}, input_type=dict]
    For further information visit https://errors.pydantic.dev/2.13/v/missing
SubscribeRequest.method
  Input should be 'resources/subscribe' [type=literal_error, input_value='notifications/initialized', input_type=str]
    For further information visit https://errors.pydantic.dev/2.13/v/literal_error
SubscribeRequest.params.uri
  Field required [type=missing, input_value={}, input_type=dict]
    For further information visit https://errors.pydantic.dev/2.13/v/missing
UnsubscribeRequest.method
  Input should be 'resources/unsubscribe' [type=literal_error, input_value='notifications/initialized', input_type=str]
    For further information visit https://errors.pydantic.dev/2.13/v/literal_error
UnsubscribeRequest.params.uri
  Field required [type=missing, input_value={}, input_type=dict]
    For further information visit https://errors.pydantic.dev/2.13/v/missing
CallToolRequest.method
  Input should be 'tools/call' [type=literal_error, input_value='notifications/initialized', input_type=str]
    For further information visit https://errors.pydantic.dev/2.13/v/literal_error
CallToolRequest.params.name
  Field required [type=missing, input_value={}, input_type=dict]
    For further information visit https://errors.pydantic.dev/2.13/v/missing
ListToolsRequest.method
  Input should be 'tools/list' [type=literal_error, input_value='notifications/initialized', input_type=str]
    For further information visit https://errors.pydantic.dev/2.13/v/literal_error
GetTaskRequest.method
  Input should be 'tasks/get' [type=literal_error, input_value='notifications/initialized', input_type=str]
    For further information visit https://errors.pydantic.dev/2.13/v/literal_error
GetTaskRequest.params.taskId
  Field required [type=missing, input_value={}, input_type=dict]
    For further information visit https://errors.pydantic.dev/2.13/v/missing
GetTaskPayloadRequest.method
  Input should be 'tasks/result' [type=literal_error, input_value='notifications/initialized', input_type=str]
    For further information visit https://errors.pydantic.dev/2.13/v/literal_error
GetTaskPayloadRequest.params.taskId
  Field required [type=missing, input_value={}, input_type=dict]
    For further information visit https://errors.pydantic.dev/2.13/v/missing
ListTasksRequest.method
  Input should be 'tasks/list' [type=literal_error, input_value='notifications/initialized', input_type=str]
    For further information visit https://errors.pydantic.dev/2.13/v/literal_error
CancelTaskRequest.method
  Input should be 'tasks/cancel' [type=literal_error, input_value='notifications/initialized', input_type=str]
    For further information visit https://errors.pydantic.dev/2.13/v/literal_error
CancelTaskRequest.params.taskId
  Field required [type=missing, input_value={}, input_type=dict]
    For further information visit https://errors.pydantic.dev/2.13/v/missing
2026-08-02 23:49:15,378 - mcp.server.streamable_http_manager - INFO - Created new transport with session ID: f353e1bb0e8142a09149af7671a6e757
2026-08-02 23:49:15,384 - root - WARNING - Failed to validate request: 31 validation errors for ClientRequest
PingRequest.method
  Input should be 'ping' [type=literal_error, input_value='notifications/initialized', input_type=str]
    For further information visit https://errors.pydantic.dev/2.13/v/literal_error
InitializeRequest.method
  Input should be 'initialize' [type=literal_error, input_value='notifications/initialized', input_type=str]
    For further information visit https://errors.pydantic.dev/2.13/v/literal_error
InitializeRequest.params.protocolVersion
  Field required [type=missing, input_value={}, input_type=dict]
    For further information visit https://errors.pydantic.dev/2.13/v/missing
InitializeRequest.params.capabilities
  Field required [type=missing, input_value={}, input_type=dict]
    For further information visit https://errors.pydantic.dev/2.13/v/missing
InitializeRequest.params.clientInfo
  Field required [type=missing, input_value={}, input_type=dict]
    For further information visit https://errors.pydantic.dev/2.13/v/missing
CompleteRequest.method
  Input should be 'completion/complete' [type=literal_error, input_value='notifications/initialized', input_type=str]
    For further information visit https://errors.pydantic.dev/2.13/v/literal_error
CompleteRequest.params.ref
  Field required [type=missing, input_value={}, input_type=dict]
    For further information visit https://errors.pydantic.dev/2.13/v/missing
CompleteRequest.params.argument
  Field required [type=missing, input_value={}, input_type=dict]
    For further information visit https://errors.pydantic.dev/2.13/v/missing
SetLevelRequest.method
  Input should be 'logging/setLevel' [type=literal_error, input_value='notifications/initialized', input_type=str]
    For further information visit https://errors.pydantic.dev/2.13/v/literal_error
SetLevelRequest.params.level
  Field required [type=missing, input_value={}, input_type=dict]
    For further information visit https://errors.pydantic.dev/2.13/v/missing
GetPromptRequest.method
  Input should be 'prompts/get' [type=literal_error, input_value='notifications/initialized', input_type=str]
    For further information visit https://errors.pydantic.dev/2.13/v/literal_error
GetPromptRequest.params.name
  Field required [type=missing, input_value={}, input_type=dict]
    For further information visit https://errors.pydantic.dev/2.13/v/missing
ListPromptsRequest.method
  Input should be 'prompts/list' [type=literal_error, input_value='notifications/initialized', input_type=str]
    For further information visit https://errors.pydantic.dev/2.13/v/literal_error
ListResourcesRequest.method
  Input should be 'resources/list' [type=literal_error, input_value='notifications/initialized', input_type=str]
    For further information visit https://errors.pydantic.dev/2.13/v/literal_error
ListResourceTemplatesRequest.method
  Input should be 'resources/templates/list' [type=literal_error, input_value='notifications/initialized', input_type=str]
    For further information visit https://errors.pydantic.dev/2.13/v/literal_error
ReadResourceRequest.method
  Input should be 'resources/read' [type=literal_error, input_value='notifications/initialized', input_type=str]
    For further information visit https://errors.pydantic.dev/2.13/v/literal_error
ReadResourceRequest.params.uri
  Field required [type=missing, input_value={}, input_type=dict]
    For further information visit https://errors.pydantic.dev/2.13/v/missing
SubscribeRequest.method
  Input should be 'resources/subscribe' [type=literal_error, input_value='notifications/initialized', input_type=str]
    For further information visit https://errors.pydantic.dev/2.13/v/literal_error
SubscribeRequest.params.uri
  Field required [type=missing, input_value={}, input_type=dict]
    For further information visit https://errors.pydantic.dev/2.13/v/missing
UnsubscribeRequest.method
  Input should be 'resources/unsubscribe' [type=literal_error, input_value='notifications/initialized', input_type=str]
    For further information visit https://errors.pydantic.dev/2.13/v/literal_error
UnsubscribeRequest.params.uri
  Field required [type=missing, input_value={}, input_type=dict]
    For further information visit https://errors.pydantic.dev/2.13/v/missing
CallToolRequest.method
  Input should be 'tools/call' [type=literal_error, input_value='notifications/initialized', input_type=str]
    For further information visit https://errors.pydantic.dev/2.13/v/literal_error
CallToolRequest.params.name
  Field required [type=missing, input_value={}, input_type=dict]
    For further information visit https://errors.pydantic.dev/2.13/v/missing
ListToolsRequest.method
  Input should be 'tools/list' [type=literal_error, input_value='notifications/initialized', input_type=str]
    For further information visit https://errors.pydantic.dev/2.13/v/literal_error
GetTaskRequest.method
  Input should be 'tasks/get' [type=literal_error, input_value='notifications/initialized', input_type=str]
    For further information visit https://errors.pydantic.dev/2.13/v/literal_error
GetTaskRequest.params.taskId
  Field required [type=missing, input_value={}, input_type=dict]
    For further information visit https://errors.pydantic.dev/2.13/v/missing
GetTaskPayloadRequest.method
  Input should be 'tasks/result' [type=literal_error, input_value='notifications/initialized', input_type=str]
    For further information visit https://errors.pydantic.dev/2.13/v/literal_error
GetTaskPayloadRequest.params.taskId
  Field required [type=missing, input_value={}, input_type=dict]
    For further information visit https://errors.pydantic.dev/2.13/v/missing
ListTasksRequest.method
  Input should be 'tasks/list' [type=literal_error, input_value='notifications/initialized', input_type=str]
    For further information visit https://errors.pydantic.dev/2.13/v/literal_error
CancelTaskRequest.method
  Input should be 'tasks/cancel' [type=literal_error, input_value='notifications/initialized', input_type=str]
    For further information visit https://errors.pydantic.dev/2.13/v/literal_error
CancelTaskRequest.params.taskId
  Field required [type=missing, input_value={}, input_type=dict]
    For further information visit https://errors.pydantic.dev/2.13/v/missing
2026-08-02 23:49:18,761 - mcp.server.streamable_http_manager - INFO - Created new transport with session ID: 0fff87566f244dc7859be7c7d9304b36
2026-08-02 23:49:18,768 - root - WARNING - Failed to validate request: 31 validation errors for ClientRequest
PingRequest.method
  Input should be 'ping' [type=literal_error, input_value='notifications/initialized', input_type=str]
    For further information visit https://errors.pydantic.dev/2.13/v/literal_error
InitializeRequest.method
  Input should be 'initialize' [type=literal_error, input_value='notifications/initialized', input_type=str]
    For further information visit https://errors.pydantic.dev/2.13/v/literal_error
InitializeRequest.params.protocolVersion
  Field required [type=missing, input_value={}, input_type=dict]
    For further information visit https://errors.pydantic.dev/2.13/v/missing
InitializeRequest.params.capabilities
  Field required [type=missing, input_value={}, input_type=dict]
    For further information visit https://errors.pydantic.dev/2.13/v/missing
InitializeRequest.params.clientInfo
  Field required [type=missing, input_value={}, input_type=dict]
    For further information visit https://errors.pydantic.dev/2.13/v/missing
CompleteRequest.method
  Input should be 'completion/complete' [type=literal_error, input_value='notifications/initialized', input_type=str]
    For further information visit https://errors.pydantic.dev/2.13/v/literal_error
CompleteRequest.params.ref
  Field required [type=missing, input_value={}, input_type=dict]
    For further information visit https://errors.pydantic.dev/2.13/v/missing
CompleteRequest.params.argument
  Field required [type=missing, input_value={}, input_type=dict]
    For further information visit https://errors.pydantic.dev/2.13/v/missing
SetLevelRequest.method
  Input should be 'logging/setLevel' [type=literal_error, input_value='notifications/initialized', input_type=str]
    For further information visit https://errors.pydantic.dev/2.13/v/literal_error
SetLevelRequest.params.level
  Field required [type=missing, input_value={}, input_type=dict]
    For further information visit https://errors.pydantic.dev/2.13/v/missing
GetPromptRequest.method
  Input should be 'prompts/get' [type=literal_error, input_value='notifications/initialized', input_type=str]
    For further information visit https://errors.pydantic.dev/2.13/v/literal_error
GetPromptRequest.params.name
  Field required [type=missing, input_value={}, input_type=dict]
    For further information visit https://errors.pydantic.dev/2.13/v/missing
ListPromptsRequest.method
  Input should be 'prompts/list' [type=literal_error, input_value='notifications/initialized', input_type=str]
    For further information visit https://errors.pydantic.dev/2.13/v/literal_error
ListResourcesRequest.method
  Input should be 'resources/list' [type=literal_error, input_value='notifications/initialized', input_type=str]
    For further information visit https://errors.pydantic.dev/2.13/v/literal_error
ListResourceTemplatesRequest.method
  Input should be 'resources/templates/list' [type=literal_error, input_value='notifications/initialized', input_type=str]
    For further information visit https://errors.pydantic.dev/2.13/v/literal_error
ReadResourceRequest.method
  Input should be 'resources/read' [type=literal_error, input_value='notifications/initialized', input_type=str]
    For further information visit https://errors.pydantic.dev/2.13/v/literal_error
ReadResourceRequest.params.uri
  Field required [type=missing, input_value={}, input_type=dict]
    For further information visit https://errors.pydantic.dev/2.13/v/missing
SubscribeRequest.method
  Input should be 'resources/subscribe' [type=literal_error, input_value='notifications/initialized', input_type=str]
    For further information visit https://errors.pydantic.dev/2.13/v/literal_error
SubscribeRequest.params.uri
  Field required [type=missing, input_value={}, input_type=dict]
    For further information visit https://errors.pydantic.dev/2.13/v/missing
UnsubscribeRequest.method
  Input should be 'resources/unsubscribe' [type=literal_error, input_value='notifications/initialized', input_type=str]
    For further information visit https://errors.pydantic.dev/2.13/v/literal_error
UnsubscribeRequest.params.uri
  Field required [type=missing, input_value={}, input_type=dict]
    For further information visit https://errors.pydantic.dev/2.13/v/missing
CallToolRequest.method
  Input should be 'tools/call' [type=literal_error, input_value='notifications/initialized', input_type=str]
    For further information visit https://errors.pydantic.dev/2.13/v/literal_error
CallToolRequest.params.name
  Field required [type=missing, input_value={}, input_type=dict]
    For further information visit https://errors.pydantic.dev/2.13/v/missing
ListToolsRequest.method
  Input should be 'tools/list' [type=literal_error, input_value='notifications/initialized', input_type=str]
    For further information visit https://errors.pydantic.dev/2.13/v/literal_error
GetTaskRequest.method
  Input should be 'tasks/get' [type=literal_error, input_value='notifications/initialized', input_type=str]
    For further information visit https://errors.pydantic.dev/2.13/v/literal_error
GetTaskRequest.params.taskId
  Field required [type=missing, input_value={}, input_type=dict]
    For further information visit https://errors.pydantic.dev/2.13/v/missing
GetTaskPayloadRequest.method
  Input should be 'tasks/result' [type=literal_error, input_value='notifications/initialized', input_type=str]
    For further information visit https://errors.pydantic.dev/2.13/v/literal_error
GetTaskPayloadRequest.params.taskId
  Field required [type=missing, input_value={}, input_type=dict]
    For further information visit https://errors.pydantic.dev/2.13/v/missing
ListTasksRequest.method
  Input should be 'tasks/list' [type=literal_error, input_value='notifications/initialized', input_type=str]
    For further information visit https://errors.pydantic.dev/2.13/v/literal_error
CancelTaskRequest.method
  Input should be 'tasks/cancel' [type=literal_error, input_value='notifications/initialized', input_type=str]
    For further information visit https://errors.pydantic.dev/2.13/v/literal_error
CancelTaskRequest.params.taskId
  Field required [type=missing, input_value={}, input_type=dict]
    For further information visit https://errors.pydantic.dev/2.13/v/missing
2026-08-02 23:49:22,154 - mcp.server.streamable_http_manager - INFO - Created new transport with session ID: 8cd0e2f946de42a38118f4fc1e176a49
2026-08-02 23:49:22,159 - root - WARNING - Failed to validate request: 31 validation errors for ClientRequest
PingRequest.method
  Input should be 'ping' [type=literal_error, input_value='notifications/initialized', input_type=str]
    For further information visit https://errors.pydantic.dev/2.13/v/literal_error
InitializeRequest.method
  Input should be 'initialize' [type=literal_error, input_value='notifications/initialized', input_type=str]
    For further information visit https://errors.pydantic.dev/2.13/v/literal_error
InitializeRequest.params.protocolVersion
  Field required [type=missing, input_value={}, input_type=dict]
    For further information visit https://errors.pydantic.dev/2.13/v/missing
InitializeRequest.params.capabilities
  Field required [type=missing, input_value={}, input_type=dict]
    For further information visit https://errors.pydantic.dev/2.13/v/missing
InitializeRequest.params.clientInfo
  Field required [type=missing, input_value={}, input_type=dict]
    For further information visit https://errors.pydantic.dev/2.13/v/missing
CompleteRequest.method
  Input should be 'completion/complete' [type=literal_error, input_value='notifications/initialized', input_type=str]
    For further information visit https://errors.pydantic.dev/2.13/v/literal_error
CompleteRequest.params.ref
  Field required [type=missing, input_value={}, input_type=dict]
    For further information visit https://errors.pydantic.dev/2.13/v/missing
CompleteRequest.params.argument
  Field required [type=missing, input_value={}, input_type=dict]
    For further information visit https://errors.pydantic.dev/2.13/v/missing
SetLevelRequest.method
  Input should be 'logging/setLevel' [type=literal_error, input_value='notifications/initialized', input_type=str]
    For further information visit https://errors.pydantic.dev/2.13/v/literal_error
SetLevelRequest.params.level
  Field required [type=missing, input_value={}, input_type=dict]
    For further information visit https://errors.pydantic.dev/2.13/v/missing
GetPromptRequest.method
  Input should be 'prompts/get' [type=literal_error, input_value='notifications/initialized', input_type=str]
    For further information visit https://errors.pydantic.dev/2.13/v/literal_error
GetPromptRequest.params.name
  Field required [type=missing, input_value={}, input_type=dict]
    For further information visit https://errors.pydantic.dev/2.13/v/missing
ListPromptsRequest.method
  Input should be 'prompts/list' [type=literal_error, input_value='notifications/initialized', input_type=str]
    For further information visit https://errors.pydantic.dev/2.13/v/literal_error
ListResourcesRequest.method
  Input should be 'resources/list' [type=literal_error, input_value='notifications/initialized', input_type=str]
    For further information visit https://errors.pydantic.dev/2.13/v/literal_error
ListResourceTemplatesRequest.method
  Input should be 'resources/templates/list' [type=literal_error, input_value='notifications/initialized', input_type=str]
    For further information visit https://errors.pydantic.dev/2.13/v/literal_error
ReadResourceRequest.method
  Input should be 'resources/read' [type=literal_error, input_value='notifications/initialized', input_type=str]
    For further information visit https://errors.pydantic.dev/2.13/v/literal_error
ReadResourceRequest.params.uri
  Field required [type=missing, input_value={}, input_type=dict]
    For further information visit https://errors.pydantic.dev/2.13/v/missing
SubscribeRequest.method
  Input should be 'resources/subscribe' [type=literal_error, input_value='notifications/initialized', input_type=str]
    For further information visit https://errors.pydantic.dev/2.13/v/literal_error
SubscribeRequest.params.uri
  Field required [type=missing, input_value={}, input_type=dict]
    For further information visit https://errors.pydantic.dev/2.13/v/missing
UnsubscribeRequest.method
  Input should be 'resources/unsubscribe' [type=literal_error, input_value='notifications/initialized', input_type=str]
    For further information visit https://errors.pydantic.dev/2.13/v/literal_error
UnsubscribeRequest.params.uri
  Field required [type=missing, input_value={}, input_type=dict]
    For further information visit https://errors.pydantic.dev/2.13/v/missing
CallToolRequest.method
  Input should be 'tools/call' [type=literal_error, input_value='notifications/initialized', input_type=str]
    For further information visit https://errors.pydantic.dev/2.13/v/literal_error
CallToolRequest.params.name
  Field required [type=missing, input_value={}, input_type=dict]
    For further information visit https://errors.pydantic.dev/2.13/v/missing
ListToolsRequest.method
  Input should be 'tools/list' [type=literal_error, input_value='notifications/initialized', input_type=str]
    For further information visit https://errors.pydantic.dev/2.13/v/literal_error
GetTaskRequest.method
  Input should be 'tasks/get' [type=literal_error, input_value='notifications/initialized', input_type=str]
    For further information visit https://errors.pydantic.dev/2.13/v/literal_error
GetTaskRequest.params.taskId
  Field required [type=missing, input_value={}, input_type=dict]
    For further information visit https://errors.pydantic.dev/2.13/v/missing
GetTaskPayloadRequest.method
  Input should be 'tasks/result' [type=literal_error, input_value='notifications/initialized', input_type=str]
    For further information visit https://errors.pydantic.dev/2.13/v/literal_error
GetTaskPayloadRequest.params.taskId
  Field required [type=missing, input_value={}, input_type=dict]
    For further information visit https://errors.pydantic.dev/2.13/v/missing
ListTasksRequest.method
  Input should be 'tasks/list' [type=literal_error, input_value='notifications/initialized', input_type=str]
    For further information visit https://errors.pydantic.dev/2.13/v/literal_error
CancelTaskRequest.method
  Input should be 'tasks/cancel' [type=literal_error, input_value='notifications/initialized', input_type=str]
    For further information visit https://errors.pydantic.dev/2.13/v/literal_error
CancelTaskRequest.params.taskId
  Field required [type=missing, input_value={}, input_type=dict]
    For further information visit https://errors.pydantic.dev/2.13/v/missing
2026-08-02 23:49:25,498 - transport.plugin_hub - INFO - Plugin session f05e6652-7278-460a-806d-5e40200ca6c3 disconnected (1005)
2026-08-02 23:49:26,781 - mcp.server.streamable_http_manager - INFO - Created new transport with session ID: 07f5c50a244d43c698fff38a15f3d68d
2026-08-02 23:49:26,787 - root - WARNING - Failed to validate request: 31 validation errors for ClientRequest
PingRequest.method
  Input should be 'ping' [type=literal_error, input_value='notifications/initialized', input_type=str]
    For further information visit https://errors.pydantic.dev/2.13/v/literal_error
InitializeRequest.method
  Input should be 'initialize' [type=literal_error, input_value='notifications/initialized', input_type=str]
    For further information visit https://errors.pydantic.dev/2.13/v/literal_error
InitializeRequest.params.protocolVersion
  Field required [type=missing, input_value={}, input_type=dict]
    For further information visit https://errors.pydantic.dev/2.13/v/missing
InitializeRequest.params.capabilities
  Field required [type=missing, input_value={}, input_type=dict]
    For further information visit https://errors.pydantic.dev/2.13/v/missing
InitializeRequest.params.clientInfo
  Field required [type=missing, input_value={}, input_type=dict]
    For further information visit https://errors.pydantic.dev/2.13/v/missing
CompleteRequest.method
  Input should be 'completion/complete' [type=literal_error, input_value='notifications/initialized', input_type=str]
    For further information visit https://errors.pydantic.dev/2.13/v/literal_error
CompleteRequest.params.ref
  Field required [type=missing, input_value={}, input_type=dict]
    For further information visit https://errors.pydantic.dev/2.13/v/missing
CompleteRequest.params.argument
  Field required [type=missing, input_value={}, input_type=dict]
    For further information visit https://errors.pydantic.dev/2.13/v/missing
SetLevelRequest.method
  Input should be 'logging/setLevel' [type=literal_error, input_value='notifications/initialized', input_type=str]
    For further information visit https://errors.pydantic.dev/2.13/v/literal_error
SetLevelRequest.params.level
  Field required [type=missing, input_value={}, input_type=dict]
    For further information visit https://errors.pydantic.dev/2.13/v/missing
GetPromptRequest.method
  Input should be 'prompts/get' [type=literal_error, input_value='notifications/initialized', input_type=str]
    For further information visit https://errors.pydantic.dev/2.13/v/literal_error
GetPromptRequest.params.name
  Field required [type=missing, input_value={}, input_type=dict]
    For further information visit https://errors.pydantic.dev/2.13/v/missing
ListPromptsRequest.method
  Input should be 'prompts/list' [type=literal_error, input_value='notifications/initialized', input_type=str]
    For further information visit https://errors.pydantic.dev/2.13/v/literal_error
ListResourcesRequest.method
  Input should be 'resources/list' [type=literal_error, input_value='notifications/initialized', input_type=str]
    For further information visit https://errors.pydantic.dev/2.13/v/literal_error
ListResourceTemplatesRequest.method
  Input should be 'resources/templates/list' [type=literal_error, input_value='notifications/initialized', input_type=str]
    For further information visit https://errors.pydantic.dev/2.13/v/literal_error
ReadResourceRequest.method
  Input should be 'resources/read' [type=literal_error, input_value='notifications/initialized', input_type=str]
    For further information visit https://errors.pydantic.dev/2.13/v/literal_error
ReadResourceRequest.params.uri
  Field required [type=missing, input_value={}, input_type=dict]
    For further information visit https://errors.pydantic.dev/2.13/v/missing
SubscribeRequest.method
  Input should be 'resources/subscribe' [type=literal_error, input_value='notifications/initialized', input_type=str]
    For further information visit https://errors.pydantic.dev/2.13/v/literal_error
SubscribeRequest.params.uri
  Field required [type=missing, input_value={}, input_type=dict]
    For further information visit https://errors.pydantic.dev/2.13/v/missing
UnsubscribeRequest.method
  Input should be 'resources/unsubscribe' [type=literal_error, input_value='notifications/initialized', input_type=str]
    For further information visit https://errors.pydantic.dev/2.13/v/literal_error
UnsubscribeRequest.params.uri
  Field required [type=missing, input_value={}, input_type=dict]
    For further information visit https://errors.pydantic.dev/2.13/v/missing
CallToolRequest.method
  Input should be 'tools/call' [type=literal_error, input_value='notifications/initialized', input_type=str]
    For further information visit https://errors.pydantic.dev/2.13/v/literal_error
CallToolRequest.params.name
  Field required [type=missing, input_value={}, input_type=dict]
    For further information visit https://errors.pydantic.dev/2.13/v/missing
ListToolsRequest.method
  Input should be 'tools/list' [type=literal_error, input_value='notifications/initialized', input_type=str]
    For further information visit https://errors.pydantic.dev/2.13/v/literal_error
GetTaskRequest.method
  Input should be 'tasks/get' [type=literal_error, input_value='notifications/initialized', input_type=str]
    For further information visit https://errors.pydantic.dev/2.13/v/literal_error
GetTaskRequest.params.taskId
  Field required [type=missing, input_value={}, input_type=dict]
    For further information visit https://errors.pydantic.dev/2.13/v/missing
GetTaskPayloadRequest.method
  Input should be 'tasks/result' [type=literal_error, input_value='notifications/initialized', input_type=str]
    For further information visit https://errors.pydantic.dev/2.13/v/literal_error
GetTaskPayloadRequest.params.taskId
  Field required [type=missing, input_value={}, input_type=dict]
    For further information visit https://errors.pydantic.dev/2.13/v/missing
ListTasksRequest.method
  Input should be 'tasks/list' [type=literal_error, input_value='notifications/initialized', input_type=str]
    For further information visit https://errors.pydantic.dev/2.13/v/literal_error
CancelTaskRequest.method
  Input should be 'tasks/cancel' [type=literal_error, input_value='notifications/initialized', input_type=str]
    For further information visit https://errors.pydantic.dev/2.13/v/literal_error
CancelTaskRequest.params.taskId
  Field required [type=missing, input_value={}, input_type=dict]
    For further information visit https://errors.pydantic.dev/2.13/v/missing
INFO:     127.0.0.1:64422 - "WebSocket /hub/plugin" [accepted]
INFO:     connection open
2026-08-02 23:49:37,397 - transport.plugin_hub - INFO - Plugin registered: Luoxia-Unity (d5eb6b2ef12e6fb8)
2026-08-02 23:49:38,037 - transport.plugin_hub - INFO - Registered 34 tools for session 66bf4c25-41be-4b46-8326-b382beadd3fe
2026-08-02 23:49:38,038 - transport.plugin_hub - INFO - Server-level tool visibility synced from Unity: enabled=[animation, asset_gen, core, docs, probuilder, profiling, scripting_ext, testing, ui, vfx], disabled=[], total_transforms=19, unity_start=9
2026-08-02 23:49:38,043 - transport.plugin_hub - INFO - Sent tools/list_changed notification to 114 MCP session(s)
[08/02/26 23:49:38] DEBUG    Sending INFO to client: If exactly  context.py:1446
                             one Unity instance is connected,                   
                             return its Name@hash id.                           
2026-08-02 23:49:41,609 - mcp.server.streamable_http_manager - INFO - Created new transport with session ID: d1609e6f8d63430b944323009a9d4490
2026-08-02 23:49:41,618 - root - WARNING - Failed to validate request: 31 validation errors for ClientRequest
PingRequest.method
  Input should be 'ping' [type=literal_error, input_value='notifications/initialized', input_type=str]
    For further information visit https://errors.pydantic.dev/2.13/v/literal_error
InitializeRequest.method
  Input should be 'initialize' [type=literal_error, input_value='notifications/initialized', input_type=str]
    For further information visit https://errors.pydantic.dev/2.13/v/literal_error
InitializeRequest.params.protocolVersion
  Field required [type=missing, input_value={}, input_type=dict]
    For further information visit https://errors.pydantic.dev/2.13/v/missing
InitializeRequest.params.capabilities
  Field required [type=missing, input_value={}, input_type=dict]
    For further information visit https://errors.pydantic.dev/2.13/v/missing
InitializeRequest.params.clientInfo
  Field required [type=missing, input_value={}, input_type=dict]
    For further information visit https://errors.pydantic.dev/2.13/v/missing
CompleteRequest.method
  Input should be 'completion/complete' [type=literal_error, input_value='notifications/initialized', input_type=str]
    For further information visit https://errors.pydantic.dev/2.13/v/literal_error
CompleteRequest.params.ref
  Field required [type=missing, input_value={}, input_type=dict]
    For further information visit https://errors.pydantic.dev/2.13/v/missing
CompleteRequest.params.argument
  Field required [type=missing, input_value={}, input_type=dict]
    For further information visit https://errors.pydantic.dev/2.13/v/missing
SetLevelRequest.method
  Input should be 'logging/setLevel' [type=literal_error, input_value='notifications/initialized', input_type=str]
    For further information visit https://errors.pydantic.dev/2.13/v/literal_error
SetLevelRequest.params.level
  Field required [type=missing, input_value={}, input_type=dict]
    For further information visit https://errors.pydantic.dev/2.13/v/missing
GetPromptRequest.method
  Input should be 'prompts/get' [type=literal_error, input_value='notifications/initialized', input_type=str]
    For further information visit https://errors.pydantic.dev/2.13/v/literal_error
GetPromptRequest.params.name
  Field required [type=missing, input_value={}, input_type=dict]
    For further information visit https://errors.pydantic.dev/2.13/v/missing
ListPromptsRequest.method
  Input should be 'prompts/list' [type=literal_error, input_value='notifications/initialized', input_type=str]
    For further information visit https://errors.pydantic.dev/2.13/v/literal_error
ListResourcesRequest.method
  Input should be 'resources/list' [type=literal_error, input_value='notifications/initialized', input_type=str]
    For further information visit https://errors.pydantic.dev/2.13/v/literal_error
ListResourceTemplatesRequest.method
  Input should be 'resources/templates/list' [type=literal_error, input_value='notifications/initialized', input_type=str]
    For further information visit https://errors.pydantic.dev/2.13/v/literal_error
ReadResourceRequest.method
  Input should be 'resources/read' [type=literal_error, input_value='notifications/initialized', input_type=str]
    For further information visit https://errors.pydantic.dev/2.13/v/literal_error
ReadResourceRequest.params.uri
  Field required [type=missing, input_value={}, input_type=dict]
    For further information visit https://errors.pydantic.dev/2.13/v/missing
SubscribeRequest.method
  Input should be 'resources/subscribe' [type=literal_error, input_value='notifications/initialized', input_type=str]
    For further information visit https://errors.pydantic.dev/2.13/v/literal_error
SubscribeRequest.params.uri
  Field required [type=missing, input_value={}, input_type=dict]
    For further information visit https://errors.pydantic.dev/2.13/v/missing
UnsubscribeRequest.method
  Input should be 'resources/unsubscribe' [type=literal_error, input_value='notifications/initialized', input_type=str]
    For further information visit https://errors.pydantic.dev/2.13/v/literal_error
UnsubscribeRequest.params.uri
  Field required [type=missing, input_value={}, input_type=dict]
    For further information visit https://errors.pydantic.dev/2.13/v/missing
CallToolRequest.method
  Input should be 'tools/call' [type=literal_error, input_value='notifications/initialized', input_type=str]
    For further information visit https://errors.pydantic.dev/2.13/v/literal_error
CallToolRequest.params.name
  Field required [type=missing, input_value={}, input_type=dict]
    For further information visit https://errors.pydantic.dev/2.13/v/missing
ListToolsRequest.method
  Input should be 'tools/list' [type=literal_error, input_value='notifications/initialized', input_type=str]
    For further information visit https://errors.pydantic.dev/2.13/v/literal_error
GetTaskRequest.method
  Input should be 'tasks/get' [type=literal_error, input_value='notifications/initialized', input_type=str]
    For further information visit https://errors.pydantic.dev/2.13/v/literal_error
GetTaskRequest.params.taskId
  Field required [type=missing, input_value={}, input_type=dict]
    For further information visit https://errors.pydantic.dev/2.13/v/missing
GetTaskPayloadRequest.method
  Input should be 'tasks/result' [type=literal_error, input_value='notifications/initialized', input_type=str]
    For further information visit https://errors.pydantic.dev/2.13/v/literal_error
GetTaskPayloadRequest.params.taskId
  Field required [type=missing, input_value={}, input_type=dict]
    For further information visit https://errors.pydantic.dev/2.13/v/missing
ListTasksRequest.method
  Input should be 'tasks/list' [type=literal_error, input_value='notifications/initialized', input_type=str]
    For further information visit https://errors.pydantic.dev/2.13/v/literal_error
CancelTaskRequest.method
  Input should be 'tasks/cancel' [type=literal_error, input_value='notifications/initialized', input_type=str]
    For further information visit https://errors.pydantic.dev/2.13/v/literal_error
CancelTaskRequest.params.taskId
  Field required [type=missing, input_value={}, input_type=dict]
    For further information visit https://errors.pydantic.dev/2.13/v/missing
2026-08-02 23:49:44,687 - mcp.server.streamable_http_manager - INFO - Created new transport with session ID: d57104753ca34ae692219b7a057bc6f0
2026-08-02 23:49:44,694 - root - WARNING - Failed to validate request: 31 validation errors for ClientRequest
PingRequest.method
  Input should be 'ping' [type=literal_error, input_value='notifications/initialized', input_type=str]
    For further information visit https://errors.pydantic.dev/2.13/v/literal_error
InitializeRequest.method
  Input should be 'initialize' [type=literal_error, input_value='notifications/initialized', input_type=str]
    For further information visit https://errors.pydantic.dev/2.13/v/literal_error
InitializeRequest.params.protocolVersion
  Field required [type=missing, input_value={}, input_type=dict]
    For further information visit https://errors.pydantic.dev/2.13/v/missing
InitializeRequest.params.capabilities
  Field required [type=missing, input_value={}, input_type=dict]
    For further information visit https://errors.pydantic.dev/2.13/v/missing
InitializeRequest.params.clientInfo
  Field required [type=missing, input_value={}, input_type=dict]
    For further information visit https://errors.pydantic.dev/2.13/v/missing
CompleteRequest.method
  Input should be 'completion/complete' [type=literal_error, input_value='notifications/initialized', input_type=str]
    For further information visit https://errors.pydantic.dev/2.13/v/literal_error
CompleteRequest.params.ref
  Field required [type=missing, input_value={}, input_type=dict]
    For further information visit https://errors.pydantic.dev/2.13/v/missing
CompleteRequest.params.argument
  Field required [type=missing, input_value={}, input_type=dict]
    For further information visit https://errors.pydantic.dev/2.13/v/missing
SetLevelRequest.method
  Input should be 'logging/setLevel' [type=literal_error, input_value='notifications/initialized', input_type=str]
    For further information visit https://errors.pydantic.dev/2.13/v/literal_error
SetLevelRequest.params.level
  Field required [type=missing, input_value={}, input_type=dict]
    For further information visit https://errors.pydantic.dev/2.13/v/missing
GetPromptRequest.method
  Input should be 'prompts/get' [type=literal_error, input_value='notifications/initialized', input_type=str]
    For further information visit https://errors.pydantic.dev/2.13/v/literal_error
GetPromptRequest.params.name
  Field required [type=missing, input_value={}, input_type=dict]
    For further information visit https://errors.pydantic.dev/2.13/v/missing
ListPromptsRequest.method
  Input should be 'prompts/list' [type=literal_error, input_value='notifications/initialized', input_type=str]
    For further information visit https://errors.pydantic.dev/2.13/v/literal_error
ListResourcesRequest.method
  Input should be 'resources/list' [type=literal_error, input_value='notifications/initialized', input_type=str]
    For further information visit https://errors.pydantic.dev/2.13/v/literal_error
ListResourceTemplatesRequest.method
  Input should be 'resources/templates/list' [type=literal_error, input_value='notifications/initialized', input_type=str]
    For further information visit https://errors.pydantic.dev/2.13/v/literal_error
ReadResourceRequest.method
  Input should be 'resources/read' [type=literal_error, input_value='notifications/initialized', input_type=str]
    For further information visit https://errors.pydantic.dev/2.13/v/literal_error
ReadResourceRequest.params.uri
  Field required [type=missing, input_value={}, input_type=dict]
    For further information visit https://errors.pydantic.dev/2.13/v/missing
SubscribeRequest.method
  Input should be 'resources/subscribe' [type=literal_error, input_value='notifications/initialized', input_type=str]
    For further information visit https://errors.pydantic.dev/2.13/v/literal_error
SubscribeRequest.params.uri
  Field required [type=missing, input_value={}, input_type=dict]
    For further information visit https://errors.pydantic.dev/2.13/v/missing
UnsubscribeRequest.method
  Input should be 'resources/unsubscribe' [type=literal_error, input_value='notifications/initialized', input_type=str]
    For further information visit https://errors.pydantic.dev/2.13/v/literal_error
UnsubscribeRequest.params.uri
  Field required [type=missing, input_value={}, input_type=dict]
    For further information visit https://errors.pydantic.dev/2.13/v/missing
CallToolRequest.method
  Input should be 'tools/call' [type=literal_error, input_value='notifications/initialized', input_type=str]
    For further information visit https://errors.pydantic.dev/2.13/v/literal_error
CallToolRequest.params.name
  Field required [type=missing, input_value={}, input_type=dict]
    For further information visit https://errors.pydantic.dev/2.13/v/missing
ListToolsRequest.method
  Input should be 'tools/list' [type=literal_error, input_value='notifications/initialized', input_type=str]
    For further information visit https://errors.pydantic.dev/2.13/v/literal_error
GetTaskRequest.method
  Input should be 'tasks/get' [type=literal_error, input_value='notifications/initialized', input_type=str]
    For further information visit https://errors.pydantic.dev/2.13/v/literal_error
GetTaskRequest.params.taskId
  Field required [type=missing, input_value={}, input_type=dict]
    For further information visit https://errors.pydantic.dev/2.13/v/missing
GetTaskPayloadRequest.method
  Input should be 'tasks/result' [type=literal_error, input_value='notifications/initialized', input_type=str]
    For further information visit https://errors.pydantic.dev/2.13/v/literal_error
GetTaskPayloadRequest.params.taskId
  Field required [type=missing, input_value={}, input_type=dict]
    For further information visit https://errors.pydantic.dev/2.13/v/missing
ListTasksRequest.method
  Input should be 'tasks/list' [type=literal_error, input_value='notifications/initialized', input_type=str]
    For further information visit https://errors.pydantic.dev/2.13/v/literal_error
CancelTaskRequest.method
  Input should be 'tasks/cancel' [type=literal_error, input_value='notifications/initialized', input_type=str]
    For further information visit https://errors.pydantic.dev/2.13/v/literal_error
CancelTaskRequest.params.taskId
  Field required [type=missing, input_value={}, input_type=dict]
    For further information visit https://errors.pydantic.dev/2.13/v/missing
2026-08-02 23:50:02,331 - mcp.server.streamable_http_manager - INFO - Created new transport with session ID: 9d72b16360324382b36d8502f9fa388e
2026-08-02 23:50:02,337 - root - WARNING - Failed to validate request: 31 validation errors for ClientRequest
PingRequest.method
  Input should be 'ping' [type=literal_error, input_value='notifications/initialized', input_type=str]
    For further information visit https://errors.pydantic.dev/2.13/v/literal_error
InitializeRequest.method
  Input should be 'initialize' [type=literal_error, input_value='notifications/initialized', input_type=str]
    For further information visit https://errors.pydantic.dev/2.13/v/literal_error
InitializeRequest.params.protocolVersion
  Field required [type=missing, input_value={}, input_type=dict]
    For further information visit https://errors.pydantic.dev/2.13/v/missing
InitializeRequest.params.capabilities
  Field required [type=missing, input_value={}, input_type=dict]
    For further information visit https://errors.pydantic.dev/2.13/v/missing
InitializeRequest.params.clientInfo
  Field required [type=missing, input_value={}, input_type=dict]
    For further information visit https://errors.pydantic.dev/2.13/v/missing
CompleteRequest.method
  Input should be 'completion/complete' [type=literal_error, input_value='notifications/initialized', input_type=str]
    For further information visit https://errors.pydantic.dev/2.13/v/literal_error
CompleteRequest.params.ref
  Field required [type=missing, input_value={}, input_type=dict]
    For further information visit https://errors.pydantic.dev/2.13/v/missing
CompleteRequest.params.argument
  Field required [type=missing, input_value={}, input_type=dict]
    For further information visit https://errors.pydantic.dev/2.13/v/missing
SetLevelRequest.method
  Input should be 'logging/setLevel' [type=literal_error, input_value='notifications/initialized', input_type=str]
    For further information visit https://errors.pydantic.dev/2.13/v/literal_error
SetLevelRequest.params.level
  Field required [type=missing, input_value={}, input_type=dict]
    For further information visit https://errors.pydantic.dev/2.13/v/missing
GetPromptRequest.method
  Input should be 'prompts/get' [type=literal_error, input_value='notifications/initialized', input_type=str]
    For further information visit https://errors.pydantic.dev/2.13/v/literal_error
GetPromptRequest.params.name
  Field required [type=missing, input_value={}, input_type=dict]
    For further information visit https://errors.pydantic.dev/2.13/v/missing
ListPromptsRequest.method
  Input should be 'prompts/list' [type=literal_error, input_value='notifications/initialized', input_type=str]
    For further information visit https://errors.pydantic.dev/2.13/v/literal_error
ListResourcesRequest.method
  Input should be 'resources/list' [type=literal_error, input_value='notifications/initialized', input_type=str]
    For further information visit https://errors.pydantic.dev/2.13/v/literal_error
ListResourceTemplatesRequest.method
  Input should be 'resources/templates/list' [type=literal_error, input_value='notifications/initialized', input_type=str]
    For further information visit https://errors.pydantic.dev/2.13/v/literal_error
ReadResourceRequest.method
  Input should be 'resources/read' [type=literal_error, input_value='notifications/initialized', input_type=str]
    For further information visit https://errors.pydantic.dev/2.13/v/literal_error
ReadResourceRequest.params.uri
  Field required [type=missing, input_value={}, input_type=dict]
    For further information visit https://errors.pydantic.dev/2.13/v/missing
SubscribeRequest.method
  Input should be 'resources/subscribe' [type=literal_error, input_value='notifications/initialized', input_type=str]
    For further information visit https://errors.pydantic.dev/2.13/v/literal_error
SubscribeRequest.params.uri
  Field required [type=missing, input_value={}, input_type=dict]
    For further information visit https://errors.pydantic.dev/2.13/v/missing
UnsubscribeRequest.method
  Input should be 'resources/unsubscribe' [type=literal_error, input_value='notifications/initialized', input_type=str]
    For further information visit https://errors.pydantic.dev/2.13/v/literal_error
UnsubscribeRequest.params.uri
  Field required [type=missing, input_value={}, input_type=dict]
    For further information visit https://errors.pydantic.dev/2.13/v/missing
CallToolRequest.method
  Input should be 'tools/call' [type=literal_error, input_value='notifications/initialized', input_type=str]
    For further information visit https://errors.pydantic.dev/2.13/v/literal_error
CallToolRequest.params.name
  Field required [type=missing, input_value={}, input_type=dict]
    For further information visit https://errors.pydantic.dev/2.13/v/missing
ListToolsRequest.method
  Input should be 'tools/list' [type=literal_error, input_value='notifications/initialized', input_type=str]
    For further information visit https://errors.pydantic.dev/2.13/v/literal_error
GetTaskRequest.method
  Input should be 'tasks/get' [type=literal_error, input_value='notifications/initialized', input_type=str]
    For further information visit https://errors.pydantic.dev/2.13/v/literal_error
GetTaskRequest.params.taskId
  Field required [type=missing, input_value={}, input_type=dict]
    For further information visit https://errors.pydantic.dev/2.13/v/missing
GetTaskPayloadRequest.method
  Input should be 'tasks/result' [type=literal_error, input_value='notifications/initialized', input_type=str]
    For further information visit https://errors.pydantic.dev/2.13/v/literal_error
GetTaskPayloadRequest.params.taskId
  Field required [type=missing, input_value={}, input_type=dict]
    For further information visit https://errors.pydantic.dev/2.13/v/missing
ListTasksRequest.method
  Input should be 'tasks/list' [type=literal_error, input_value='notifications/initialized', input_type=str]
    For further information visit https://errors.pydantic.dev/2.13/v/literal_error
CancelTaskRequest.method
  Input should be 'tasks/cancel' [type=literal_error, input_value='notifications/initialized', input_type=str]
    For further information visit https://errors.pydantic.dev/2.13/v/literal_error
CancelTaskRequest.params.taskId
  Field required [type=missing, input_value={}, input_type=dict]
    For further information visit https://errors.pydantic.dev/2.13/v/missing
2026-08-02 23:51:03,228 - transport.plugin_hub - INFO - Plugin session 66bf4c25-41be-4b46-8326-b382beadd3fe disconnected (1005)
INFO:     127.0.0.1:60459 - "WebSocket /hub/plugin" [accepted]
INFO:     connection open
2026-08-02 23:51:05,409 - transport.plugin_hub - INFO - Plugin registered: Luoxia-Unity (d5eb6b2ef12e6fb8)
2026-08-02 23:51:05,943 - transport.plugin_hub - INFO - Registered 34 tools for session 06a7ec2a-03cc-4756-83c5-d87ae85a56c5
2026-08-02 23:51:05,944 - transport.plugin_hub - INFO - Server-level tool visibility synced from Unity: enabled=[animation, asset_gen, core, docs, probuilder, profiling, scripting_ext, testing, ui, vfx], disabled=[], total_transforms=19, unity_start=9
2026-08-02 23:51:05,948 - transport.plugin_hub - INFO - Sent tools/list_changed notification to 117 MCP session(s)
2026-08-02 23:52:13,598 - transport.plugin_hub - INFO - Plugin session 06a7ec2a-03cc-4756-83c5-d87ae85a56c5 disconnected (1005)
INFO:     127.0.0.1:53068 - "WebSocket /hub/plugin" [accepted]
INFO:     connection open
2026-08-02 23:52:15,889 - transport.plugin_hub - INFO - Plugin registered: Luoxia-Unity (d5eb6b2ef12e6fb8)
2026-08-02 23:52:16,402 - transport.plugin_hub - INFO - Registered 34 tools for session ff0fef82-1ba9-4b4c-8182-a01c182b1e1d
2026-08-02 23:52:16,402 - transport.plugin_hub - INFO - Server-level tool visibility synced from Unity: enabled=[animation, asset_gen, core, docs, probuilder, profiling, scripting_ext, testing, ui, vfx], disabled=[], total_transforms=19, unity_start=9
2026-08-02 23:52:16,408 - transport.plugin_hub - INFO - Sent tools/list_changed notification to 117 MCP session(s)
2026-08-02 23:53:11,042 - mcp.server.streamable_http_manager - INFO - Created new transport with session ID: ad40c90e1e9341cca63f8cbf97ed2487
2026-08-02 23:53:11,175 - mcp.server.streamable_http_manager - INFO - Created new transport with session ID: 7b6cafb847e241708d63679eec947df8
2026-08-03 00:00:20,825 - mcp.server.streamable_http_manager - INFO - Created new transport with session ID: 84317f5921574b7eba5cd9221a679d40
2026-08-03 00:00:20,837 - root - WARNING - Failed to validate request: 31 validation errors for ClientRequest
PingRequest.method
  Input should be 'ping' [type=literal_error, input_value='notifications/initialized', input_type=str]
    For further information visit https://errors.pydantic.dev/2.13/v/literal_error
InitializeRequest.method
  Input should be 'initialize' [type=literal_error, input_value='notifications/initialized', input_type=str]
    For further information visit https://errors.pydantic.dev/2.13/v/literal_error
InitializeRequest.params.protocolVersion
  Field required [type=missing, input_value={}, input_type=dict]
    For further information visit https://errors.pydantic.dev/2.13/v/missing
InitializeRequest.params.capabilities
  Field required [type=missing, input_value={}, input_type=dict]
    For further information visit https://errors.pydantic.dev/2.13/v/missing
InitializeRequest.params.clientInfo
  Field required [type=missing, input_value={}, input_type=dict]
    For further information visit https://errors.pydantic.dev/2.13/v/missing
CompleteRequest.method
  Input should be 'completion/complete' [type=literal_error, input_value='notifications/initialized', input_type=str]
    For further information visit https://errors.pydantic.dev/2.13/v/literal_error
CompleteRequest.params.ref
  Field required [type=missing, input_value={}, input_type=dict]
    For further information visit https://errors.pydantic.dev/2.13/v/missing
CompleteRequest.params.argument
  Field required [type=missing, input_value={}, input_type=dict]
    For further information visit https://errors.pydantic.dev/2.13/v/missing
SetLevelRequest.method
  Input should be 'logging/setLevel' [type=literal_error, input_value='notifications/initialized', input_type=str]
    For further information visit https://errors.pydantic.dev/2.13/v/literal_error
SetLevelRequest.params.level
  Field required [type=missing, input_value={}, input_type=dict]
    For further information visit https://errors.pydantic.dev/2.13/v/missing
GetPromptRequest.method
  Input should be 'prompts/get' [type=literal_error, input_value='notifications/initialized', input_type=str]
    For further information visit https://errors.pydantic.dev/2.13/v/literal_error
GetPromptRequest.params.name
  Field required [type=missing, input_value={}, input_type=dict]
    For further information visit https://errors.pydantic.dev/2.13/v/missing
ListPromptsRequest.method
  Input should be 'prompts/list' [type=literal_error, input_value='notifications/initialized', input_type=str]
    For further information visit https://errors.pydantic.dev/2.13/v/literal_error
ListResourcesRequest.method
  Input should be 'resources/list' [type=literal_error, input_value='notifications/initialized', input_type=str]
    For further information visit https://errors.pydantic.dev/2.13/v/literal_error
ListResourceTemplatesRequest.method
  Input should be 'resources/templates/list' [type=literal_error, input_value='notifications/initialized', input_type=str]
    For further information visit https://errors.pydantic.dev/2.13/v/literal_error
ReadResourceRequest.method
  Input should be 'resources/read' [type=literal_error, input_value='notifications/initialized', input_type=str]
    For further information visit https://errors.pydantic.dev/2.13/v/literal_error
ReadResourceRequest.params.uri
  Field required [type=missing, input_value={}, input_type=dict]
    For further information visit https://errors.pydantic.dev/2.13/v/missing
SubscribeRequest.method
  Input should be 'resources/subscribe' [type=literal_error, input_value='notifications/initialized', input_type=str]
    For further information visit https://errors.pydantic.dev/2.13/v/literal_error
SubscribeRequest.params.uri
  Field required [type=missing, input_value={}, input_type=dict]
    For further information visit https://errors.pydantic.dev/2.13/v/missing
UnsubscribeRequest.method
  Input should be 'resources/unsubscribe' [type=literal_error, input_value='notifications/initialized', input_type=str]
    For further information visit https://errors.pydantic.dev/2.13/v/literal_error
UnsubscribeRequest.params.uri
  Field required [type=missing, input_value={}, input_type=dict]
    For further information visit https://errors.pydantic.dev/2.13/v/missing
CallToolRequest.method
  Input should be 'tools/call' [type=literal_error, input_value='notifications/initialized', input_type=str]
    For further information visit https://errors.pydantic.dev/2.13/v/literal_error
CallToolRequest.params.name
  Field required [type=missing, input_value={}, input_type=dict]
    For further information visit https://errors.pydantic.dev/2.13/v/missing
ListToolsRequest.method
  Input should be 'tools/list' [type=literal_error, input_value='notifications/initialized', input_type=str]
    For further information visit https://errors.pydantic.dev/2.13/v/literal_error
GetTaskRequest.method
  Input should be 'tasks/get' [type=literal_error, input_value='notifications/initialized', input_type=str]
    For further information visit https://errors.pydantic.dev/2.13/v/literal_error
GetTaskRequest.params.taskId
  Field required [type=missing, input_value={}, input_type=dict]
    For further information visit https://errors.pydantic.dev/2.13/v/missing
GetTaskPayloadRequest.method
  Input should be 'tasks/result' [type=literal_error, input_value='notifications/initialized', input_type=str]
    For further information visit https://errors.pydantic.dev/2.13/v/literal_error
GetTaskPayloadRequest.params.taskId
  Field required [type=missing, input_value={}, input_type=dict]
    For further information visit https://errors.pydantic.dev/2.13/v/missing
ListTasksRequest.method
  Input should be 'tasks/list' [type=literal_error, input_value='notifications/initialized', input_type=str]
    For further information visit https://errors.pydantic.dev/2.13/v/literal_error
CancelTaskRequest.method
  Input should be 'tasks/cancel' [type=literal_error, input_value='notifications/initialized', input_type=str]
    For further information visit https://errors.pydantic.dev/2.13/v/literal_error
CancelTaskRequest.params.taskId
  Field required [type=missing, input_value={}, input_type=dict]
    For further information visit https://errors.pydantic.dev/2.13/v/missing
2026-08-03 00:07:07,860 - mcp.server.streamable_http_manager - INFO - Created new transport with session ID: d53cb628ec7846a2a7c2f5e713f3c1f0
2026-08-03 00:07:07,865 - root - WARNING - Failed to validate request: 31 validation errors for ClientRequest
PingRequest.method
  Input should be 'ping' [type=literal_error, input_value='notifications/initialized', input_type=str]
    For further information visit https://errors.pydantic.dev/2.13/v/literal_error
InitializeRequest.method
  Input should be 'initialize' [type=literal_error, input_value='notifications/initialized', input_type=str]
    For further information visit https://errors.pydantic.dev/2.13/v/literal_error
InitializeRequest.params.protocolVersion
  Field required [type=missing, input_value={}, input_type=dict]
    For further information visit https://errors.pydantic.dev/2.13/v/missing
InitializeRequest.params.capabilities
  Field required [type=missing, input_value={}, input_type=dict]
    For further information visit https://errors.pydantic.dev/2.13/v/missing
InitializeRequest.params.clientInfo
  Field required [type=missing, input_value={}, input_type=dict]
    For further information visit https://errors.pydantic.dev/2.13/v/missing
CompleteRequest.method
  Input should be 'completion/complete' [type=literal_error, input_value='notifications/initialized', input_type=str]
    For further information visit https://errors.pydantic.dev/2.13/v/literal_error
CompleteRequest.params.ref
  Field required [type=missing, input_value={}, input_type=dict]
    For further information visit https://errors.pydantic.dev/2.13/v/missing
CompleteRequest.params.argument
  Field required [type=missing, input_value={}, input_type=dict]
    For further information visit https://errors.pydantic.dev/2.13/v/missing
SetLevelRequest.method
  Input should be 'logging/setLevel' [type=literal_error, input_value='notifications/initialized', input_type=str]
    For further information visit https://errors.pydantic.dev/2.13/v/literal_error
SetLevelRequest.params.level
  Field required [type=missing, input_value={}, input_type=dict]
    For further information visit https://errors.pydantic.dev/2.13/v/missing
GetPromptRequest.method
  Input should be 'prompts/get' [type=literal_error, input_value='notifications/initialized', input_type=str]
    For further information visit https://errors.pydantic.dev/2.13/v/literal_error
GetPromptRequest.params.name
  Field required [type=missing, input_value={}, input_type=dict]
    For further information visit https://errors.pydantic.dev/2.13/v/missing
ListPromptsRequest.method
  Input should be 'prompts/list' [type=literal_error, input_value='notifications/initialized', input_type=str]
    For further information visit https://errors.pydantic.dev/2.13/v/literal_error
ListResourcesRequest.method
  Input should be 'resources/list' [type=literal_error, input_value='notifications/initialized', input_type=str]
    For further information visit https://errors.pydantic.dev/2.13/v/literal_error
ListResourceTemplatesRequest.method
  Input should be 'resources/templates/list' [type=literal_error, input_value='notifications/initialized', input_type=str]
    For further information visit https://errors.pydantic.dev/2.13/v/literal_error
ReadResourceRequest.method
  Input should be 'resources/read' [type=literal_error, input_value='notifications/initialized', input_type=str]
    For further information visit https://errors.pydantic.dev/2.13/v/literal_error
ReadResourceRequest.params.uri
  Field required [type=missing, input_value={}, input_type=dict]
    For further information visit https://errors.pydantic.dev/2.13/v/missing
SubscribeRequest.method
  Input should be 'resources/subscribe' [type=literal_error, input_value='notifications/initialized', input_type=str]
    For further information visit https://errors.pydantic.dev/2.13/v/literal_error
SubscribeRequest.params.uri
  Field required [type=missing, input_value={}, input_type=dict]
    For further information visit https://errors.pydantic.dev/2.13/v/missing
UnsubscribeRequest.method
  Input should be 'resources/unsubscribe' [type=literal_error, input_value='notifications/initialized', input_type=str]
    For further information visit https://errors.pydantic.dev/2.13/v/literal_error
UnsubscribeRequest.params.uri
  Field required [type=missing, input_value={}, input_type=dict]
    For further information visit https://errors.pydantic.dev/2.13/v/missing
CallToolRequest.method
  Input should be 'tools/call' [type=literal_error, input_value='notifications/initialized', input_type=str]
    For further information visit https://errors.pydantic.dev/2.13/v/literal_error
CallToolRequest.params.name
  Field required [type=missing, input_value={}, input_type=dict]
    For further information visit https://errors.pydantic.dev/2.13/v/missing
ListToolsRequest.method
  Input should be 'tools/list' [type=literal_error, input_value='notifications/initialized', input_type=str]
    For further information visit https://errors.pydantic.dev/2.13/v/literal_error
GetTaskRequest.method
  Input should be 'tasks/get' [type=literal_error, input_value='notifications/initialized', input_type=str]
    For further information visit https://errors.pydantic.dev/2.13/v/literal_error
GetTaskRequest.params.taskId
  Field required [type=missing, input_value={}, input_type=dict]
    For further information visit https://errors.pydantic.dev/2.13/v/missing
GetTaskPayloadRequest.method
  Input should be 'tasks/result' [type=literal_error, input_value='notifications/initialized', input_type=str]
    For further information visit https://errors.pydantic.dev/2.13/v/literal_error
GetTaskPayloadRequest.params.taskId
  Field required [type=missing, input_value={}, input_type=dict]
    For further information visit https://errors.pydantic.dev/2.13/v/missing
ListTasksRequest.method
  Input should be 'tasks/list' [type=literal_error, input_value='notifications/initialized', input_type=str]
    For further information visit https://errors.pydantic.dev/2.13/v/literal_error
CancelTaskRequest.method
  Input should be 'tasks/cancel' [type=literal_error, input_value='notifications/initialized', input_type=str]
    For further information visit https://errors.pydantic.dev/2.13/v/literal_error
CancelTaskRequest.params.taskId
  Field required [type=missing, input_value={}, input_type=dict]
    For further information visit https://errors.pydantic.dev/2.13/v/missing
2026-08-03 00:08:15,248 - mcp.server.streamable_http_manager - INFO - Created new transport with session ID: af3417ac02db480397d11fba78710f7f
2026-08-03 00:08:15,257 - root - WARNING - Failed to validate request: 31 validation errors for ClientRequest
PingRequest.method
  Input should be 'ping' [type=literal_error, input_value='notifications/initialized', input_type=str]
    For further information visit https://errors.pydantic.dev/2.13/v/literal_error
InitializeRequest.method
  Input should be 'initialize' [type=literal_error, input_value='notifications/initialized', input_type=str]
    For further information visit https://errors.pydantic.dev/2.13/v/literal_error
InitializeRequest.params.protocolVersion
  Field required [type=missing, input_value={}, input_type=dict]
    For further information visit https://errors.pydantic.dev/2.13/v/missing
InitializeRequest.params.capabilities
  Field required [type=missing, input_value={}, input_type=dict]
    For further information visit https://errors.pydantic.dev/2.13/v/missing
InitializeRequest.params.clientInfo
  Field required [type=missing, input_value={}, input_type=dict]
    For further information visit https://errors.pydantic.dev/2.13/v/missing
CompleteRequest.method
  Input should be 'completion/complete' [type=literal_error, input_value='notifications/initialized', input_type=str]
    For further information visit https://errors.pydantic.dev/2.13/v/literal_error
CompleteRequest.params.ref
  Field required [type=missing, input_value={}, input_type=dict]
    For further information visit https://errors.pydantic.dev/2.13/v/missing
CompleteRequest.params.argument
  Field required [type=missing, input_value={}, input_type=dict]
    For further information visit https://errors.pydantic.dev/2.13/v/missing
SetLevelRequest.method
  Input should be 'logging/setLevel' [type=literal_error, input_value='notifications/initialized', input_type=str]
    For further information visit https://errors.pydantic.dev/2.13/v/literal_error
SetLevelRequest.params.level
  Field required [type=missing, input_value={}, input_type=dict]
    For further information visit https://errors.pydantic.dev/2.13/v/missing
GetPromptRequest.method
  Input should be 'prompts/get' [type=literal_error, input_value='notifications/initialized', input_type=str]
    For further information visit https://errors.pydantic.dev/2.13/v/literal_error
GetPromptRequest.params.name
  Field required [type=missing, input_value={}, input_type=dict]
    For further information visit https://errors.pydantic.dev/2.13/v/missing
ListPromptsRequest.method
  Input should be 'prompts/list' [type=literal_error, input_value='notifications/initialized', input_type=str]
    For further information visit https://errors.pydantic.dev/2.13/v/literal_error
ListResourcesRequest.method
  Input should be 'resources/list' [type=literal_error, input_value='notifications/initialized', input_type=str]
    For further information visit https://errors.pydantic.dev/2.13/v/literal_error
ListResourceTemplatesRequest.method
  Input should be 'resources/templates/list' [type=literal_error, input_value='notifications/initialized', input_type=str]
    For further information visit https://errors.pydantic.dev/2.13/v/literal_error
ReadResourceRequest.method
  Input should be 'resources/read' [type=literal_error, input_value='notifications/initialized', input_type=str]
    For further information visit https://errors.pydantic.dev/2.13/v/literal_error
ReadResourceRequest.params.uri
  Field required [type=missing, input_value={}, input_type=dict]
    For further information visit https://errors.pydantic.dev/2.13/v/missing
SubscribeRequest.method
  Input should be 'resources/subscribe' [type=literal_error, input_value='notifications/initialized', input_type=str]
    For further information visit https://errors.pydantic.dev/2.13/v/literal_error
SubscribeRequest.params.uri
  Field required [type=missing, input_value={}, input_type=dict]
    For further information visit https://errors.pydantic.dev/2.13/v/missing
UnsubscribeRequest.method
  Input should be 'resources/unsubscribe' [type=literal_error, input_value='notifications/initialized', input_type=str]
    For further information visit https://errors.pydantic.dev/2.13/v/literal_error
UnsubscribeRequest.params.uri
  Field required [type=missing, input_value={}, input_type=dict]
    For further information visit https://errors.pydantic.dev/2.13/v/missing
CallToolRequest.method
  Input should be 'tools/call' [type=literal_error, input_value='notifications/initialized', input_type=str]
    For further information visit https://errors.pydantic.dev/2.13/v/literal_error
CallToolRequest.params.name
  Field required [type=missing, input_value={}, input_type=dict]
    For further information visit https://errors.pydantic.dev/2.13/v/missing
ListToolsRequest.method
  Input should be 'tools/list' [type=literal_error, input_value='notifications/initialized', input_type=str]
    For further information visit https://errors.pydantic.dev/2.13/v/literal_error
GetTaskRequest.method
  Input should be 'tasks/get' [type=literal_error, input_value='notifications/initialized', input_type=str]
    For further information visit https://errors.pydantic.dev/2.13/v/literal_error
GetTaskRequest.params.taskId
  Field required [type=missing, input_value={}, input_type=dict]
    For further information visit https://errors.pydantic.dev/2.13/v/missing
GetTaskPayloadRequest.method
  Input should be 'tasks/result' [type=literal_error, input_value='notifications/initialized', input_type=str]
    For further information visit https://errors.pydantic.dev/2.13/v/literal_error
GetTaskPayloadRequest.params.taskId
  Field required [type=missing, input_value={}, input_type=dict]
    For further information visit https://errors.pydantic.dev/2.13/v/missing
ListTasksRequest.method
  Input should be 'tasks/list' [type=literal_error, input_value='notifications/initialized', input_type=str]
    For further information visit https://errors.pydantic.dev/2.13/v/literal_error
CancelTaskRequest.method
  Input should be 'tasks/cancel' [type=literal_error, input_value='notifications/initialized', input_type=str]
    For further information visit https://errors.pydantic.dev/2.13/v/literal_error
CancelTaskRequest.params.taskId
  Field required [type=missing, input_value={}, input_type=dict]
    For further information visit https://errors.pydantic.dev/2.13/v/missing
2026-08-03 00:10:39,534 - mcp.server.streamable_http_manager - INFO - Created new transport with session ID: 05f98a257c0d405a9d693621f7ad18dc
2026-08-03 00:10:39,543 - root - WARNING - Failed to validate request: 31 validation errors for ClientRequest
PingRequest.method
  Input should be 'ping' [type=literal_error, input_value='notifications/initialized', input_type=str]
    For further information visit https://errors.pydantic.dev/2.13/v/literal_error
InitializeRequest.method
  Input should be 'initialize' [type=literal_error, input_value='notifications/initialized', input_type=str]
    For further information visit https://errors.pydantic.dev/2.13/v/literal_error
InitializeRequest.params.protocolVersion
  Field required [type=missing, input_value={}, input_type=dict]
    For further information visit https://errors.pydantic.dev/2.13/v/missing
InitializeRequest.params.capabilities
  Field required [type=missing, input_value={}, input_type=dict]
    For further information visit https://errors.pydantic.dev/2.13/v/missing
InitializeRequest.params.clientInfo
  Field required [type=missing, input_value={}, input_type=dict]
    For further information visit https://errors.pydantic.dev/2.13/v/missing
CompleteRequest.method
  Input should be 'completion/complete' [type=literal_error, input_value='notifications/initialized', input_type=str]
    For further information visit https://errors.pydantic.dev/2.13/v/literal_error
CompleteRequest.params.ref
  Field required [type=missing, input_value={}, input_type=dict]
    For further information visit https://errors.pydantic.dev/2.13/v/missing
CompleteRequest.params.argument
  Field required [type=missing, input_value={}, input_type=dict]
    For further information visit https://errors.pydantic.dev/2.13/v/missing
SetLevelRequest.method
  Input should be 'logging/setLevel' [type=literal_error, input_value='notifications/initialized', input_type=str]
    For further information visit https://errors.pydantic.dev/2.13/v/literal_error
SetLevelRequest.params.level
  Field required [type=missing, input_value={}, input_type=dict]
    For further information visit https://errors.pydantic.dev/2.13/v/missing
GetPromptRequest.method
  Input should be 'prompts/get' [type=literal_error, input_value='notifications/initialized', input_type=str]
    For further information visit https://errors.pydantic.dev/2.13/v/literal_error
GetPromptRequest.params.name
  Field required [type=missing, input_value={}, input_type=dict]
    For further information visit https://errors.pydantic.dev/2.13/v/missing
ListPromptsRequest.method
  Input should be 'prompts/list' [type=literal_error, input_value='notifications/initialized', input_type=str]
    For further information visit https://errors.pydantic.dev/2.13/v/literal_error
ListResourcesRequest.method
  Input should be 'resources/list' [type=literal_error, input_value='notifications/initialized', input_type=str]
    For further information visit https://errors.pydantic.dev/2.13/v/literal_error
ListResourceTemplatesRequest.method
  Input should be 'resources/templates/list' [type=literal_error, input_value='notifications/initialized', input_type=str]
    For further information visit https://errors.pydantic.dev/2.13/v/literal_error
ReadResourceRequest.method
  Input should be 'resources/read' [type=literal_error, input_value='notifications/initialized', input_type=str]
    For further information visit https://errors.pydantic.dev/2.13/v/literal_error
ReadResourceRequest.params.uri
  Field required [type=missing, input_value={}, input_type=dict]
    For further information visit https://errors.pydantic.dev/2.13/v/missing
SubscribeRequest.method
  Input should be 'resources/subscribe' [type=literal_error, input_value='notifications/initialized', input_type=str]
    For further information visit https://errors.pydantic.dev/2.13/v/literal_error
SubscribeRequest.params.uri
  Field required [type=missing, input_value={}, input_type=dict]
    For further information visit https://errors.pydantic.dev/2.13/v/missing
UnsubscribeRequest.method
  Input should be 'resources/unsubscribe' [type=literal_error, input_value='notifications/initialized', input_type=str]
    For further information visit https://errors.pydantic.dev/2.13/v/literal_error
UnsubscribeRequest.params.uri
  Field required [type=missing, input_value={}, input_type=dict]
    For further information visit https://errors.pydantic.dev/2.13/v/missing
CallToolRequest.method
  Input should be 'tools/call' [type=literal_error, input_value='notifications/initialized', input_type=str]
    For further information visit https://errors.pydantic.dev/2.13/v/literal_error
CallToolRequest.params.name
  Field required [type=missing, input_value={}, input_type=dict]
    For further information visit https://errors.pydantic.dev/2.13/v/missing
ListToolsRequest.method
  Input should be 'tools/list' [type=literal_error, input_value='notifications/initialized', input_type=str]
    For further information visit https://errors.pydantic.dev/2.13/v/literal_error
GetTaskRequest.method
  Input should be 'tasks/get' [type=literal_error, input_value='notifications/initialized', input_type=str]
    For further information visit https://errors.pydantic.dev/2.13/v/literal_error
GetTaskRequest.params.taskId
  Field required [type=missing, input_value={}, input_type=dict]
    For further information visit https://errors.pydantic.dev/2.13/v/missing
GetTaskPayloadRequest.method
  Input should be 'tasks/result' [type=literal_error, input_value='notifications/initialized', input_type=str]
    For further information visit https://errors.pydantic.dev/2.13/v/literal_error
GetTaskPayloadRequest.params.taskId
  Field required [type=missing, input_value={}, input_type=dict]
    For further information visit https://errors.pydantic.dev/2.13/v/missing
ListTasksRequest.method
  Input should be 'tasks/list' [type=literal_error, input_value='notifications/initialized', input_type=str]
    For further information visit https://errors.pydantic.dev/2.13/v/literal_error
CancelTaskRequest.method
  Input should be 'tasks/cancel' [type=literal_error, input_value='notifications/initialized', input_type=str]
    For further information visit https://errors.pydantic.dev/2.13/v/literal_error
CancelTaskRequest.params.taskId
  Field required [type=missing, input_value={}, input_type=dict]
    For further information visit https://errors.pydantic.dev/2.13/v/missing
2026-08-03 00:11:39,663 - mcp.server.streamable_http_manager - INFO - Created new transport with session ID: bfc846b3646244bdb10e8bcf0ed3f30a
2026-08-03 00:11:39,674 - root - WARNING - Failed to validate request: 31 validation errors for ClientRequest
PingRequest.method
  Input should be 'ping' [type=literal_error, input_value='notifications/initialized', input_type=str]
    For further information visit https://errors.pydantic.dev/2.13/v/literal_error
InitializeRequest.method
  Input should be 'initialize' [type=literal_error, input_value='notifications/initialized', input_type=str]
    For further information visit https://errors.pydantic.dev/2.13/v/literal_error
InitializeRequest.params.protocolVersion
  Field required [type=missing, input_value={}, input_type=dict]
    For further information visit https://errors.pydantic.dev/2.13/v/missing
InitializeRequest.params.capabilities
  Field required [type=missing, input_value={}, input_type=dict]
    For further information visit https://errors.pydantic.dev/2.13/v/missing
InitializeRequest.params.clientInfo
  Field required [type=missing, input_value={}, input_type=dict]
    For further information visit https://errors.pydantic.dev/2.13/v/missing
CompleteRequest.method
  Input should be 'completion/complete' [type=literal_error, input_value='notifications/initialized', input_type=str]
    For further information visit https://errors.pydantic.dev/2.13/v/literal_error
CompleteRequest.params.ref
  Field required [type=missing, input_value={}, input_type=dict]
    For further information visit https://errors.pydantic.dev/2.13/v/missing
CompleteRequest.params.argument
  Field required [type=missing, input_value={}, input_type=dict]
    For further information visit https://errors.pydantic.dev/2.13/v/missing
SetLevelRequest.method
  Input should be 'logging/setLevel' [type=literal_error, input_value='notifications/initialized', input_type=str]
    For further information visit https://errors.pydantic.dev/2.13/v/literal_error
SetLevelRequest.params.level
  Field required [type=missing, input_value={}, input_type=dict]
    For further information visit https://errors.pydantic.dev/2.13/v/missing
GetPromptRequest.method
  Input should be 'prompts/get' [type=literal_error, input_value='notifications/initialized', input_type=str]
    For further information visit https://errors.pydantic.dev/2.13/v/literal_error
GetPromptRequest.params.name
  Field required [type=missing, input_value={}, input_type=dict]
    For further information visit https://errors.pydantic.dev/2.13/v/missing
ListPromptsRequest.method
  Input should be 'prompts/list' [type=literal_error, input_value='notifications/initialized', input_type=str]
    For further information visit https://errors.pydantic.dev/2.13/v/literal_error
ListResourcesRequest.method
  Input should be 'resources/list' [type=literal_error, input_value='notifications/initialized', input_type=str]
    For further information visit https://errors.pydantic.dev/2.13/v/literal_error
ListResourceTemplatesRequest.method
  Input should be 'resources/templates/list' [type=literal_error, input_value='notifications/initialized', input_type=str]
    For further information visit https://errors.pydantic.dev/2.13/v/literal_error
ReadResourceRequest.method
  Input should be 'resources/read' [type=literal_error, input_value='notifications/initialized', input_type=str]
    For further information visit https://errors.pydantic.dev/2.13/v/literal_error
ReadResourceRequest.params.uri
  Field required [type=missing, input_value={}, input_type=dict]
    For further information visit https://errors.pydantic.dev/2.13/v/missing
SubscribeRequest.method
  Input should be 'resources/subscribe' [type=literal_error, input_value='notifications/initialized', input_type=str]
    For further information visit https://errors.pydantic.dev/2.13/v/literal_error
SubscribeRequest.params.uri
  Field required [type=missing, input_value={}, input_type=dict]
    For further information visit https://errors.pydantic.dev/2.13/v/missing
UnsubscribeRequest.method
  Input should be 'resources/unsubscribe' [type=literal_error, input_value='notifications/initialized', input_type=str]
    For further information visit https://errors.pydantic.dev/2.13/v/literal_error
UnsubscribeRequest.params.uri
  Field required [type=missing, input_value={}, input_type=dict]
    For further information visit https://errors.pydantic.dev/2.13/v/missing
CallToolRequest.method
  Input should be 'tools/call' [type=literal_error, input_value='notifications/initialized', input_type=str]
    For further information visit https://errors.pydantic.dev/2.13/v/literal_error
CallToolRequest.params.name
  Field required [type=missing, input_value={}, input_type=dict]
    For further information visit https://errors.pydantic.dev/2.13/v/missing
ListToolsRequest.method
  Input should be 'tools/list' [type=literal_error, input_value='notifications/initialized', input_type=str]
    For further information visit https://errors.pydantic.dev/2.13/v/literal_error
GetTaskRequest.method
  Input should be 'tasks/get' [type=literal_error, input_value='notifications/initialized', input_type=str]
    For further information visit https://errors.pydantic.dev/2.13/v/literal_error
GetTaskRequest.params.taskId
  Field required [type=missing, input_value={}, input_type=dict]
    For further information visit https://errors.pydantic.dev/2.13/v/missing
GetTaskPayloadRequest.method
  Input should be 'tasks/result' [type=literal_error, input_value='notifications/initialized', input_type=str]
    For further information visit https://errors.pydantic.dev/2.13/v/literal_error
GetTaskPayloadRequest.params.taskId
  Field required [type=missing, input_value={}, input_type=dict]
    For further information visit https://errors.pydantic.dev/2.13/v/missing
ListTasksRequest.method
  Input should be 'tasks/list' [type=literal_error, input_value='notifications/initialized', input_type=str]
    For further information visit https://errors.pydantic.dev/2.13/v/literal_error
CancelTaskRequest.method
  Input should be 'tasks/cancel' [type=literal_error, input_value='notifications/initialized', input_type=str]
    For further information visit https://errors.pydantic.dev/2.13/v/literal_error
CancelTaskRequest.params.taskId
  Field required [type=missing, input_value={}, input_type=dict]
    For further information visit https://errors.pydantic.dev/2.13/v/missing
2026-08-03 00:14:22,411 - transport.plugin_hub - INFO - Plugin session ff0fef82-1ba9-4b4c-8182-a01c182b1e1d disconnected (1005)
INFO:     127.0.0.1:61897 - "WebSocket /hub/plugin" [accepted]
INFO:     connection open
2026-08-03 00:14:24,969 - transport.plugin_hub - INFO - Plugin registered: Luoxia-Unity (d5eb6b2ef12e6fb8)
2026-08-03 00:14:25,220 - transport.plugin_hub - INFO - Registered 34 tools for session 2e487d9f-9cf8-4cc9-bf56-cad73c42dff5
2026-08-03 00:14:25,223 - transport.plugin_hub - INFO - Server-level tool visibility synced from Unity: enabled=[animation, asset_gen, core, docs, probuilder, profiling, scripting_ext, testing, ui, vfx], disabled=[], total_transforms=19, unity_start=9
2026-08-03 00:14:25,230 - transport.plugin_hub - INFO - Sent tools/list_changed notification to 124 MCP session(s)
2026-08-03 00:15:22,550 - mcp.server.streamable_http_manager - INFO - Created new transport with session ID: 3ceef302fc8f4cc1adc905ede5b370e9
[08/03/26 00:15:22] WARNING  Invalid arguments for tool           server.py:1325
                             'set_active_instance': [{'type':                   
                             'missing_argument', 'loc':                         
                             ('instance',), 'msg': 'Missing                     
                             required argument', 'input': {}}]                  
[08/03/26 00:15:30] DEBUG    Sending INFO to client: Listing     context.py:1446
                             Unity instances                                    
2026-08-03 00:17:25,981 - transport.plugin_hub - INFO - Plugin session 2e487d9f-9cf8-4cc9-bf56-cad73c42dff5 disconnected (1005)
INFO:     127.0.0.1:62399 - "WebSocket /hub/plugin" [accepted]
INFO:     connection open
2026-08-03 00:17:27,994 - transport.plugin_hub - INFO - Plugin registered: Luoxia-Unity (d5eb6b2ef12e6fb8)
2026-08-03 00:17:28,195 - transport.plugin_hub - INFO - Registered 34 tools for session c1346972-abb1-4b56-8eb6-4583add74212
2026-08-03 00:17:28,198 - transport.plugin_hub - INFO - Server-level tool visibility synced from Unity: enabled=[animation, asset_gen, core, docs, probuilder, profiling, scripting_ext, testing, ui, vfx], disabled=[], total_transforms=19, unity_start=9
2026-08-03 00:17:28,205 - transport.plugin_hub - INFO - Sent tools/list_changed notification to 125 MCP session(s)
2026-08-03 00:18:28,000 - transport.plugin_hub - INFO - Plugin session c1346972-abb1-4b56-8eb6-4583add74212 disconnected (1005)
INFO:     127.0.0.1:64353 - "WebSocket /hub/plugin" [accepted]
INFO:     connection open
2026-08-03 00:18:31,184 - transport.plugin_hub - INFO - Plugin registered: Luoxia-Unity (d5eb6b2ef12e6fb8)
2026-08-03 00:19:01,299 - transport.plugin_hub - INFO - Registered 34 tools for session 04ee7cfe-402c-4fa8-bb92-c373d76b49f2
2026-08-03 00:19:01,301 - transport.plugin_hub - INFO - Server-level tool visibility synced from Unity: enabled=[animation, asset_gen, core, docs, probuilder, profiling, scripting_ext, testing, ui, vfx], disabled=[], total_transforms=19, unity_start=9
2026-08-03 00:19:01,305 - transport.plugin_hub - INFO - Sent tools/list_changed notification to 125 MCP session(s)
2026-08-03 00:19:05,700 - transport.plugin_hub - INFO - Plugin session 04ee7cfe-402c-4fa8-bb92-c373d76b49f2 disconnected (1005)
2026-08-03 00:19:05,700 - services.tools.refresh_unity - INFO - refresh_unity: Connection lost during compile (expected - domain reload triggered)
INFO:     127.0.0.1:64212 - "WebSocket /hub/plugin" [accepted]
INFO:     connection open
2026-08-03 00:19:07,899 - transport.plugin_hub - INFO - Plugin registered: Luoxia-Unity (d5eb6b2ef12e6fb8)
2026-08-03 00:19:08,185 - transport.plugin_hub - INFO - Registered 34 tools for session 4c4093af-5c8c-4481-a322-cd117a116fb9
2026-08-03 00:19:08,185 - transport.plugin_hub - INFO - Server-level tool visibility synced from Unity: enabled=[animation, asset_gen, core, docs, probuilder, profiling, scripting_ext, testing, ui, vfx], disabled=[], total_transforms=19, unity_start=9
2026-08-03 00:19:08,193 - transport.plugin_hub - INFO - Sent tools/list_changed notification to 125 MCP session(s)
2026-08-03 00:19:26,972 - transport.plugin_hub - INFO - Plugin session 4c4093af-5c8c-4481-a322-cd117a116fb9 disconnected (1005)
INFO:     127.0.0.1:64689 - "WebSocket /hub/plugin" [accepted]
INFO:     connection open
2026-08-03 00:19:28,907 - transport.plugin_hub - INFO - Plugin registered: Luoxia-Unity (d5eb6b2ef12e6fb8)
2026-08-03 00:19:29,654 - transport.plugin_hub - INFO - Registered 34 tools for session a7024de2-a90f-49e8-a4a1-75c83b58c576
2026-08-03 00:19:29,655 - transport.plugin_hub - INFO - Server-level tool visibility synced from Unity: enabled=[animation, asset_gen, core, docs, probuilder, profiling, scripting_ext, testing, ui, vfx], disabled=[], total_transforms=19, unity_start=9
2026-08-03 00:19:29,660 - transport.plugin_hub - INFO - Sent tools/list_changed notification to 125 MCP session(s)
[08/03/26 00:21:02] WARNING  Invalid arguments for tool           server.py:1325
                             'execute_code': [{'type':                          
                             'missing_argument', 'loc':                         
                             ('action',), 'msg': 'Missing                       
                             required argument', 'input':                       
                             {'code': 'var mm =                                 
                             GameObject.Find("Minimap");\nif (mm                
                             == null) return "Minimap                           
                             missing";\nvar sb = new                            
                             System.Text.StringBuilder();\nvar rt               
                             =                                                  
                             mm.GetComponent<RectTransform>();\ns               
                             b.AppendLine($"Minimap                             
                             sizeDelta={rt.sizeDelta}                           
                             rect={rt.rect}                                     
                             anchors={rt.anchorMin}-{rt.anchorMax               
                             }                                                  
                             pos={rt.anchoredPosition}");\nforeac               
                             h (Transform c in mm.transform) {\n                
                             var r =                                            
                             c.GetComponent<RectTransform>();\n                 
                             var img =                                          
                             c.GetComponent<UnityEngine.UI.Image>               
                             ();\n  var spr = img != null &&                    
                             img.sprite != null ?                               
                             $"{img.sprite.name}                                
                             {img.sprite.rect.width}x{img.sprite.               
                             rect.height}                                       
                             preserve={img.preserveAspect}" :                   
                             "no-image";\n  sb.AppendLine($"                    
                             {c.name}                                           
                             size={r.rect.width:F0}x{r.rect.heigh               
                             t:F0}                                              
                             anchors={r.anchorMin}-{r.anchorMax}                
                             | {spr}");\n}\nreturn                              
                             sb.ToString();'}}]                                 
2026-08-03 00:21:41,698 - transport.plugin_hub - INFO - Plugin session a7024de2-a90f-49e8-a4a1-75c83b58c576 disconnected (1005)
2026-08-03 00:22:12,458 - transport.plugin_hub - WARNING - No Unity plugin reconnected within 20.00s (instance=Luoxia-Unity@d5eb6b2ef12e6fb8)
2026-08-03 00:22:32,673 - transport.plugin_hub - WARNING - No Unity plugin reconnected within 20.00s (instance=Luoxia-Unity@d5eb6b2ef12e6fb8)
2026-08-03 00:22:59,797 - transport.plugin_hub - WARNING - No Unity plugin reconnected within 20.00s (instance=Luoxia-Unity@d5eb6b2ef12e6fb8)
2026-08-03 00:24:46,716 - transport.plugin_hub - WARNING - No Unity plugin reconnected within 20.00s (instance=Luoxia-Unity@d5eb6b2ef12e6fb8)
[08/03/26 00:24:46] DEBUG    Sending INFO to client: Listing     context.py:1446
                             Unity instances                                    
2026-08-03 00:25:17,968 - transport.plugin_hub - WARNING - No Unity plugin reconnected within 20.00s (instance=Luoxia-Unity@d5eb6b2ef12e6fb8)
2026-08-03 00:25:42,184 - transport.plugin_hub - WARNING - No Unity plugin reconnected within 20.00s (instance=Luoxia-Unity@d5eb6b2ef12e6fb8)
[08/03/26 00:25:42] DEBUG    Sending INFO to client: Listing     context.py:1446
                             Unity instances                                    
2026-08-03 00:25:43,947 - transport.plugin_hub - WARNING - No Unity plugin reconnected within 20.00s (instance=Luoxia-Unity@d5eb6b2ef12e6fb8)
[08/03/26 00:25:43] DEBUG    Sending INFO to client: Listing     context.py:1446
                             Unity instances                                    
2026-08-03 00:26:44,398 - mcp.server.streamable_http_manager - INFO - Created new transport with session ID: 00bee70d65ca4f77bc332c332289c60e
2026-08-03 00:26:44,406 - root - WARNING - Failed to validate request: 31 validation errors for ClientRequest
PingRequest.method
  Input should be 'ping' [type=literal_error, input_value='notifications/initialized', input_type=str]
    For further information visit https://errors.pydantic.dev/2.13/v/literal_error
InitializeRequest.method
  Input should be 'initialize' [type=literal_error, input_value='notifications/initialized', input_type=str]
    For further information visit https://errors.pydantic.dev/2.13/v/literal_error
InitializeRequest.params.protocolVersion
  Field required [type=missing, input_value={}, input_type=dict]
    For further information visit https://errors.pydantic.dev/2.13/v/missing
InitializeRequest.params.capabilities
  Field required [type=missing, input_value={}, input_type=dict]
    For further information visit https://errors.pydantic.dev/2.13/v/missing
InitializeRequest.params.clientInfo
  Field required [type=missing, input_value={}, input_type=dict]
    For further information visit https://errors.pydantic.dev/2.13/v/missing
CompleteRequest.method
  Input should be 'completion/complete' [type=literal_error, input_value='notifications/initialized', input_type=str]
    For further information visit https://errors.pydantic.dev/2.13/v/literal_error
CompleteRequest.params.ref
  Field required [type=missing, input_value={}, input_type=dict]
    For further information visit https://errors.pydantic.dev/2.13/v/missing
CompleteRequest.params.argument
  Field required [type=missing, input_value={}, input_type=dict]
    For further information visit https://errors.pydantic.dev/2.13/v/missing
SetLevelRequest.method
  Input should be 'logging/setLevel' [type=literal_error, input_value='notifications/initialized', input_type=str]
    For further information visit https://errors.pydantic.dev/2.13/v/literal_error
SetLevelRequest.params.level
  Field required [type=missing, input_value={}, input_type=dict]
    For further information visit https://errors.pydantic.dev/2.13/v/missing
GetPromptRequest.method
  Input should be 'prompts/get' [type=literal_error, input_value='notifications/initialized', input_type=str]
    For further information visit https://errors.pydantic.dev/2.13/v/literal_error
GetPromptRequest.params.name
  Field required [type=missing, input_value={}, input_type=dict]
    For further information visit https://errors.pydantic.dev/2.13/v/missing
ListPromptsRequest.method
  Input should be 'prompts/list' [type=literal_error, input_value='notifications/initialized', input_type=str]
    For further information visit https://errors.pydantic.dev/2.13/v/literal_error
ListResourcesRequest.method
  Input should be 'resources/list' [type=literal_error, input_value='notifications/initialized', input_type=str]
    For further information visit https://errors.pydantic.dev/2.13/v/literal_error
ListResourceTemplatesRequest.method
  Input should be 'resources/templates/list' [type=literal_error, input_value='notifications/initialized', input_type=str]
    For further information visit https://errors.pydantic.dev/2.13/v/literal_error
ReadResourceRequest.method
  Input should be 'resources/read' [type=literal_error, input_value='notifications/initialized', input_type=str]
    For further information visit https://errors.pydantic.dev/2.13/v/literal_error
ReadResourceRequest.params.uri
  Field required [type=missing, input_value={}, input_type=dict]
    For further information visit https://errors.pydantic.dev/2.13/v/missing
SubscribeRequest.method
  Input should be 'resources/subscribe' [type=literal_error, input_value='notifications/initialized', input_type=str]
    For further information visit https://errors.pydantic.dev/2.13/v/literal_error
SubscribeRequest.params.uri
  Field required [type=missing, input_value={}, input_type=dict]
    For further information visit https://errors.pydantic.dev/2.13/v/missing
UnsubscribeRequest.method
  Input should be 'resources/unsubscribe' [type=literal_error, input_value='notifications/initialized', input_type=str]
    For further information visit https://errors.pydantic.dev/2.13/v/literal_error
UnsubscribeRequest.params.uri
  Field required [type=missing, input_value={}, input_type=dict]
    For further information visit https://errors.pydantic.dev/2.13/v/missing
CallToolRequest.method
  Input should be 'tools/call' [type=literal_error, input_value='notifications/initialized', input_type=str]
    For further information visit https://errors.pydantic.dev/2.13/v/literal_error
CallToolRequest.params.name
  Field required [type=missing, input_value={}, input_type=dict]
    For further information visit https://errors.pydantic.dev/2.13/v/missing
ListToolsRequest.method
  Input should be 'tools/list' [type=literal_error, input_value='notifications/initialized', input_type=str]
    For further information visit https://errors.pydantic.dev/2.13/v/literal_error
GetTaskRequest.method
  Input should be 'tasks/get' [type=literal_error, input_value='notifications/initialized', input_type=str]
    For further information visit https://errors.pydantic.dev/2.13/v/literal_error
GetTaskRequest.params.taskId
  Field required [type=missing, input_value={}, input_type=dict]
    For further information visit https://errors.pydantic.dev/2.13/v/missing
GetTaskPayloadRequest.method
  Input should be 'tasks/result' [type=literal_error, input_value='notifications/initialized', input_type=str]
    For further information visit https://errors.pydantic.dev/2.13/v/literal_error
GetTaskPayloadRequest.params.taskId
  Field required [type=missing, input_value={}, input_type=dict]
    For further information visit https://errors.pydantic.dev/2.13/v/missing
ListTasksRequest.method
  Input should be 'tasks/list' [type=literal_error, input_value='notifications/initialized', input_type=str]
    For further information visit https://errors.pydantic.dev/2.13/v/literal_error
CancelTaskRequest.method
  Input should be 'tasks/cancel' [type=literal_error, input_value='notifications/initialized', input_type=str]
    For further information visit https://errors.pydantic.dev/2.13/v/literal_error
CancelTaskRequest.params.taskId
  Field required [type=missing, input_value={}, input_type=dict]
    For further information visit https://errors.pydantic.dev/2.13/v/missing
2026-08-03 00:27:04,506 - transport.plugin_hub - WARNING - No Unity plugin reconnected within 20.00s (instance=default)
2026-08-03 00:28:23,069 - mcp.server.streamable_http_manager - INFO - Created new transport with session ID: e7be09b5fbe042d4928f4fbe867e4873
2026-08-03 00:28:23,074 - root - WARNING - Failed to validate request: 31 validation errors for ClientRequest
PingRequest.method
  Input should be 'ping' [type=literal_error, input_value='notifications/initialized', input_type=str]
    For further information visit https://errors.pydantic.dev/2.13/v/literal_error
InitializeRequest.method
  Input should be 'initialize' [type=literal_error, input_value='notifications/initialized', input_type=str]
    For further information visit https://errors.pydantic.dev/2.13/v/literal_error
InitializeRequest.params.protocolVersion
  Field required [type=missing, input_value={}, input_type=dict]
    For further information visit https://errors.pydantic.dev/2.13/v/missing
InitializeRequest.params.capabilities
  Field required [type=missing, input_value={}, input_type=dict]
    For further information visit https://errors.pydantic.dev/2.13/v/missing
InitializeRequest.params.clientInfo
  Field required [type=missing, input_value={}, input_type=dict]
    For further information visit https://errors.pydantic.dev/2.13/v/missing
CompleteRequest.method
  Input should be 'completion/complete' [type=literal_error, input_value='notifications/initialized', input_type=str]
    For further information visit https://errors.pydantic.dev/2.13/v/literal_error
CompleteRequest.params.ref
  Field required [type=missing, input_value={}, input_type=dict]
    For further information visit https://errors.pydantic.dev/2.13/v/missing
CompleteRequest.params.argument
  Field required [type=missing, input_value={}, input_type=dict]
    For further information visit https://errors.pydantic.dev/2.13/v/missing
SetLevelRequest.method
  Input should be 'logging/setLevel' [type=literal_error, input_value='notifications/initialized', input_type=str]
    For further information visit https://errors.pydantic.dev/2.13/v/literal_error
SetLevelRequest.params.level
  Field required [type=missing, input_value={}, input_type=dict]
    For further information visit https://errors.pydantic.dev/2.13/v/missing
GetPromptRequest.method
  Input should be 'prompts/get' [type=literal_error, input_value='notifications/initialized', input_type=str]
    For further information visit https://errors.pydantic.dev/2.13/v/literal_error
GetPromptRequest.params.name
  Field required [type=missing, input_value={}, input_type=dict]
    For further information visit https://errors.pydantic.dev/2.13/v/missing
ListPromptsRequest.method
  Input should be 'prompts/list' [type=literal_error, input_value='notifications/initialized', input_type=str]
    For further information visit https://errors.pydantic.dev/2.13/v/literal_error
ListResourcesRequest.method
  Input should be 'resources/list' [type=literal_error, input_value='notifications/initialized', input_type=str]
    For further information visit https://errors.pydantic.dev/2.13/v/literal_error
ListResourceTemplatesRequest.method
  Input should be 'resources/templates/list' [type=literal_error, input_value='notifications/initialized', input_type=str]
    For further information visit https://errors.pydantic.dev/2.13/v/literal_error
ReadResourceRequest.method
  Input should be 'resources/read' [type=literal_error, input_value='notifications/initialized', input_type=str]
    For further information visit https://errors.pydantic.dev/2.13/v/literal_error
ReadResourceRequest.params.uri
  Field required [type=missing, input_value={}, input_type=dict]
    For further information visit https://errors.pydantic.dev/2.13/v/missing
SubscribeRequest.method
  Input should be 'resources/subscribe' [type=literal_error, input_value='notifications/initialized', input_type=str]
    For further information visit https://errors.pydantic.dev/2.13/v/literal_error
SubscribeRequest.params.uri
  Field required [type=missing, input_value={}, input_type=dict]
    For further information visit https://errors.pydantic.dev/2.13/v/missing
UnsubscribeRequest.method
  Input should be 'resources/unsubscribe' [type=literal_error, input_value='notifications/initialized', input_type=str]
    For further information visit https://errors.pydantic.dev/2.13/v/literal_error
UnsubscribeRequest.params.uri
  Field required [type=missing, input_value={}, input_type=dict]
    For further information visit https://errors.pydantic.dev/2.13/v/missing
CallToolRequest.method
  Input should be 'tools/call' [type=literal_error, input_value='notifications/initialized', input_type=str]
    For further information visit https://errors.pydantic.dev/2.13/v/literal_error
CallToolRequest.params.name
  Field required [type=missing, input_value={}, input_type=dict]
    For further information visit https://errors.pydantic.dev/2.13/v/missing
ListToolsRequest.method
  Input should be 'tools/list' [type=literal_error, input_value='notifications/initialized', input_type=str]
    For further information visit https://errors.pydantic.dev/2.13/v/literal_error
GetTaskRequest.method
  Input should be 'tasks/get' [type=literal_error, input_value='notifications/initialized', input_type=str]
    For further information visit https://errors.pydantic.dev/2.13/v/literal_error
GetTaskRequest.params.taskId
  Field required [type=missing, input_value={}, input_type=dict]
    For further information visit https://errors.pydantic.dev/2.13/v/missing
GetTaskPayloadRequest.method
  Input should be 'tasks/result' [type=literal_error, input_value='notifications/initialized', input_type=str]
    For further information visit https://errors.pydantic.dev/2.13/v/literal_error
GetTaskPayloadRequest.params.taskId
  Field required [type=missing, input_value={}, input_type=dict]
    For further information visit https://errors.pydantic.dev/2.13/v/missing
ListTasksRequest.method
  Input should be 'tasks/list' [type=literal_error, input_value='notifications/initialized', input_type=str]
    For further information visit https://errors.pydantic.dev/2.13/v/literal_error
CancelTaskRequest.method
  Input should be 'tasks/cancel' [type=literal_error, input_value='notifications/initialized', input_type=str]
    For further information visit https://errors.pydantic.dev/2.13/v/literal_error
CancelTaskRequest.params.taskId
  Field required [type=missing, input_value={}, input_type=dict]
    For further information visit https://errors.pydantic.dev/2.13/v/missing
2026-08-03 00:28:43,248 - transport.plugin_hub - WARNING - No Unity plugin reconnected within 20.00s (instance=default)
2026-08-03 00:29:06,313 - transport.plugin_hub - WARNING - No Unity plugin reconnected within 20.00s (instance=default)
2026-08-03 00:29:33,770 - transport.plugin_hub - WARNING - No Unity plugin reconnected within 20.00s (instance=Luoxia-Unity@d5eb6b2ef12e6fb8)
[08/03/26 00:29:33] DEBUG    Sending INFO to client: Listing     context.py:1446
                             Unity instances                                    
2026-08-03 00:29:41,582 - transport.plugin_hub - WARNING - No Unity plugin reconnected within 20.00s (instance=default)
2026-08-03 00:29:57,242 - transport.plugin_hub - WARNING - No Unity plugin reconnected within 20.00s (instance=Luoxia-Unity@d5eb6b2ef12e6fb8)
[08/03/26 00:29:57] DEBUG    Sending INFO to client: Listing     context.py:1446
                             Unity instances                                    
INFO:     127.0.0.1:56650 - "WebSocket /hub/plugin" [accepted]
INFO:     connection open
2026-08-03 00:32:45,514 - transport.plugin_hub - INFO - Plugin registered: Luoxia-Unity (d5eb6b2ef12e6fb8)
2026-08-03 00:32:48,612 - transport.plugin_hub - INFO - Registered 34 tools for session dca64ed6-9cff-4e7b-b9ec-e5ed8408207b
2026-08-03 00:32:48,612 - transport.plugin_hub - INFO - Server-level tool visibility synced from Unity: enabled=[animation, asset_gen, core, docs, probuilder, profiling, scripting_ext, testing, ui, vfx], disabled=[], total_transforms=19, unity_start=9
2026-08-03 00:32:48,618 - transport.plugin_hub - INFO - Sent tools/list_changed notification to 127 MCP session(s)
2026-08-03 00:33:04,094 - transport.plugin_hub - INFO - Plugin session dca64ed6-9cff-4e7b-b9ec-e5ed8408207b disconnected (1005)
INFO:     127.0.0.1:57003 - "WebSocket /hub/plugin" [accepted]
INFO:     connection open
2026-08-03 00:33:11,143 - transport.plugin_hub - INFO - Plugin registered: Luoxia-Unity (d5eb6b2ef12e6fb8)
2026-08-03 00:33:19,236 - transport.plugin_hub - INFO - Registered 34 tools for session 99dcc33e-dd84-40e0-9c63-72f73d558272
2026-08-03 00:33:19,247 - transport.plugin_hub - INFO - Server-level tool visibility synced from Unity: enabled=[animation, asset_gen, core, docs, probuilder, profiling, scripting_ext, testing, ui, vfx], disabled=[], total_transforms=19, unity_start=9
2026-08-03 00:33:19,253 - transport.plugin_hub - INFO - Sent tools/list_changed notification to 127 MCP session(s)
2026-08-03 00:34:48,074 - transport.plugin_hub - INFO - Plugin session 99dcc33e-dd84-40e0-9c63-72f73d558272 disconnected (1005)
2026-08-03 00:34:48,075 - services.tools.refresh_unity - INFO - refresh_unity: Connection lost during compile (expected - domain reload triggered)
INFO:     127.0.0.1:50422 - "WebSocket /hub/plugin" [accepted]
INFO:     connection open
2026-08-03 00:34:50,100 - transport.plugin_hub - INFO - Plugin registered: Luoxia-Unity (d5eb6b2ef12e6fb8)
2026-08-03 00:34:50,318 - transport.plugin_hub - INFO - Registered 34 tools for session 279dca80-4698-4b58-82ae-0027ef707629
2026-08-03 00:34:50,319 - transport.plugin_hub - INFO - Server-level tool visibility synced from Unity: enabled=[animation, asset_gen, core, docs, probuilder, profiling, scripting_ext, testing, ui, vfx], disabled=[], total_transforms=19, unity_start=9
2026-08-03 00:34:50,322 - transport.plugin_hub - INFO - Sent tools/list_changed notification to 127 MCP session(s)
2026-08-03 00:34:51,716 - transport.plugin_hub - INFO - Plugin session 279dca80-4698-4b58-82ae-0027ef707629 disconnected (1005)
INFO:     127.0.0.1:50456 - "WebSocket /hub/plugin" [accepted]
INFO:     connection open
2026-08-03 00:34:53,720 - transport.plugin_hub - INFO - Plugin registered: Luoxia-Unity (d5eb6b2ef12e6fb8)
2026-08-03 00:34:53,913 - transport.plugin_hub - INFO - Registered 34 tools for session 6887985d-7d10-4b6c-b473-3820b03a548d
2026-08-03 00:34:53,913 - transport.plugin_hub - INFO - Server-level tool visibility synced from Unity: enabled=[animation, asset_gen, core, docs, probuilder, profiling, scripting_ext, testing, ui, vfx], disabled=[], total_transforms=19, unity_start=9
2026-08-03 00:34:53,918 - transport.plugin_hub - INFO - Sent tools/list_changed notification to 127 MCP session(s)
[08/03/26 00:35:07] DEBUG    Sending INFO to client: Processing  context.py:1446
                             validate_script:                                   
                             Assets/Scripts/Luoxia/Editor/LocalP                
                             layBackendEnsure.cs                                
                             (unity_instance=Luoxia-Unity@d5eb6b                
                             2ef12e6fb8)                                        
[08/03/26 00:35:08] DEBUG    Sending INFO to client: Processing  context.py:1446
                             validate_script:                                   
                             Assets/Scripts/Luoxia/Editor/Provis                
                             ionLocalPlay.cs                                    
                             (unity_instance=Luoxia-Unity@d5eb6b                
                             2ef12e6fb8)                                        
                    DEBUG    Sending INFO to client: Processing  context.py:1446
                             validate_script:                                   
                             Assets/Scripts/Luoxia/Editor/MainWo                
                             rldPlayAccept.cs                                   
                             (unity_instance=Luoxia-Unity@d5eb6b                
                             2ef12e6fb8)                                        
[08/03/26 00:35:26] WARNING  Invalid arguments for tool           server.py:1325
                             'execute_code': [{'type':                          
                             'missing_argument', 'loc':                         
                             ('action',), 'msg': 'Missing                       
                             required argument', 'input':                       
                             {'code': 'var type =                               
                             System.Type.GetType("Luoxia.Editor.P               
                             rovisionLocalPlay,                                 
                             Assembly-CSharp-Editor");\nif (type                
                             == null) {\n  // try Editor assembly               
                             name variants\n  foreach (var asm in               
                             System.AppDomain.CurrentDomain.GetAs               
                             semblies()) {\n    type =                          
                             asm.GetType("Luoxia.Editor.Provision               
                             LocalPlay");\n    if (type != null)                
                             break;\n  }\n}\nvar backend =                      
                             (System.Type)null;\nforeach (var asm               
                             in                                                 
                             System.AppDomain.CurrentDomain.GetAs               
                             semblies()) {\n  backend =                         
                             asm.GetType("Luoxia.Editor.LocalPlay               
                             BackendEnsure");\n  if (backend !=                 
                             null) break;\n}\nvar methods = type                
                             == null ? "ProvisionLocalPlay                      
                             MISSING" : string.Join(", ",                       
                             System.Array.ConvertAll(type.GetMeth               
                             ods(System.Reflection.BindingFlags.P               
                             ublic |                                            
                             System.Reflection.BindingFlags.Stati               
                             c |                                                
                             System.Reflection.BindingFlags.NonPu               
                             blic), m => m.Name));\nreturn                      
                             "ProvisionLocalPlay=" + (type !=                   
                             null) + "; LocalPlayBackendEnsure="                
                             + (backend != null) + "; methods=" +               
                             methods;'}}]                                       
[08/03/26 00:35:58] WARNING  Invalid arguments for tool           server.py:1325
                             'manage_editor': [{'type':                         
                             'literal_error', 'loc': ('action',),               
                             'msg': "Input should be                            
                             'telemetry_status',                                
                             'telemetry_ping', 'play', 'pause',                 
                             'stop', 'set_active_tool',                         
                             'add_tag', 'remove_tag',                           
                             'add_layer', 'remove_layer',                       
                             'deploy_package', 'restore_package',               
                             'undo' or 'redo'", 'input':                        
                             'get_state', 'ctx': {'expected':                   
                             "'telemetry_status',                               
                             'telemetry_ping', 'play', 'pause',                 
                             'stop', 'set_active_tool',                         
                             'add_tag', 'remove_tag',                           
                             'add_layer', 'remove_layer',                       
                             'deploy_package', 'restore_package',               
                             'undo' or 'redo'"}}]                               
2026-08-03 00:36:01,743 - transport.plugin_hub - INFO - Plugin session 6887985d-7d10-4b6c-b473-3820b03a548d disconnected (1005)
INFO:     127.0.0.1:59551 - "WebSocket /hub/plugin" [accepted]
INFO:     connection open
2026-08-03 00:36:03,501 - transport.plugin_hub - INFO - Plugin registered: Luoxia-Unity (d5eb6b2ef12e6fb8)
2026-08-03 00:36:04,197 - transport.plugin_hub - INFO - Registered 34 tools for session 53c069ba-eca4-4244-8e3e-aa74a20c05bc
2026-08-03 00:36:04,199 - transport.plugin_hub - INFO - Server-level tool visibility synced from Unity: enabled=[animation, asset_gen, core, docs, probuilder, profiling, scripting_ext, testing, ui, vfx], disabled=[], total_transforms=19, unity_start=9
2026-08-03 00:36:04,203 - transport.plugin_hub - INFO - Sent tools/list_changed notification to 127 MCP session(s)
2026-08-03 00:37:51,788 - transport.plugin_hub - INFO - Plugin session 53c069ba-eca4-4244-8e3e-aa74a20c05bc disconnected (1005)
INFO:     127.0.0.1:59440 - "WebSocket /hub/plugin" [accepted]
INFO:     connection open
2026-08-03 00:37:53,945 - transport.plugin_hub - INFO - Plugin registered: Luoxia-Unity (d5eb6b2ef12e6fb8)
2026-08-03 00:37:54,135 - transport.plugin_hub - INFO - Registered 34 tools for session 682a490d-e567-4eab-9ecb-6ee48de57fb5
2026-08-03 00:37:54,150 - transport.plugin_hub - INFO - Server-level tool visibility synced from Unity: enabled=[animation, asset_gen, core, docs, probuilder, profiling, scripting_ext, testing, ui, vfx], disabled=[], total_transforms=19, unity_start=9
2026-08-03 00:37:54,154 - transport.plugin_hub - INFO - Sent tools/list_changed notification to 127 MCP session(s)
2026-08-03 00:38:33,948 - transport.plugin_hub - INFO - Plugin session 682a490d-e567-4eab-9ecb-6ee48de57fb5 disconnected (1005)
INFO:     127.0.0.1:50670 - "WebSocket /hub/plugin" [accepted]
INFO:     connection open
2026-08-03 00:38:38,500 - transport.plugin_hub - INFO - Plugin registered: Luoxia-Unity (d5eb6b2ef12e6fb8)
[08/03/26 00:38:38] DEBUG    Sending INFO to client: Listing     context.py:1446
                             Unity instances                                    
2026-08-03 00:39:18,486 - transport.plugin_hub - INFO - Plugin session 9acdafad-e81a-4400-a23b-165333696342 disconnected (1005)
INFO:     127.0.0.1:63888 - "WebSocket /hub/plugin" [accepted]
INFO:     connection open
2026-08-03 00:39:23,529 - transport.plugin_hub - INFO - Plugin registered: Luoxia-Unity (d5eb6b2ef12e6fb8)
2026-08-03 00:39:25,535 - mcp.server.streamable_http_manager - INFO - Created new transport with session ID: 62af60b704ad419dad32d2238e118a61
2026-08-03 00:39:25,541 - root - WARNING - Failed to validate request: 31 validation errors for ClientRequest
PingRequest.method
  Input should be 'ping' [type=literal_error, input_value='notifications/initialized', input_type=str]
    For further information visit https://errors.pydantic.dev/2.13/v/literal_error
InitializeRequest.method
  Input should be 'initialize' [type=literal_error, input_value='notifications/initialized', input_type=str]
    For further information visit https://errors.pydantic.dev/2.13/v/literal_error
InitializeRequest.params.protocolVersion
  Field required [type=missing, input_value={}, input_type=dict]
    For further information visit https://errors.pydantic.dev/2.13/v/missing
InitializeRequest.params.capabilities
  Field required [type=missing, input_value={}, input_type=dict]
    For further information visit https://errors.pydantic.dev/2.13/v/missing
InitializeRequest.params.clientInfo
  Field required [type=missing, input_value={}, input_type=dict]
    For further information visit https://errors.pydantic.dev/2.13/v/missing
CompleteRequest.method
  Input should be 'completion/complete' [type=literal_error, input_value='notifications/initialized', input_type=str]
    For further information visit https://errors.pydantic.dev/2.13/v/literal_error
CompleteRequest.params.ref
  Field required [type=missing, input_value={}, input_type=dict]
    For further information visit https://errors.pydantic.dev/2.13/v/missing
CompleteRequest.params.argument
  Field required [type=missing, input_value={}, input_type=dict]
    For further information visit https://errors.pydantic.dev/2.13/v/missing
SetLevelRequest.method
  Input should be 'logging/setLevel' [type=literal_error, input_value='notifications/initialized', input_type=str]
    For further information visit https://errors.pydantic.dev/2.13/v/literal_error
SetLevelRequest.params.level
  Field required [type=missing, input_value={}, input_type=dict]
    For further information visit https://errors.pydantic.dev/2.13/v/missing
GetPromptRequest.method
  Input should be 'prompts/get' [type=literal_error, input_value='notifications/initialized', input_type=str]
    For further information visit https://errors.pydantic.dev/2.13/v/literal_error
GetPromptRequest.params.name
  Field required [type=missing, input_value={}, input_type=dict]
    For further information visit https://errors.pydantic.dev/2.13/v/missing
ListPromptsRequest.method
  Input should be 'prompts/list' [type=literal_error, input_value='notifications/initialized', input_type=str]
    For further information visit https://errors.pydantic.dev/2.13/v/literal_error
ListResourcesRequest.method
  Input should be 'resources/list' [type=literal_error, input_value='notifications/initialized', input_type=str]
    For further information visit https://errors.pydantic.dev/2.13/v/literal_error
ListResourceTemplatesRequest.method
  Input should be 'resources/templates/list' [type=literal_error, input_value='notifications/initialized', input_type=str]
    For further information visit https://errors.pydantic.dev/2.13/v/literal_error
ReadResourceRequest.method
  Input should be 'resources/read' [type=literal_error, input_value='notifications/initialized', input_type=str]
    For further information visit https://errors.pydantic.dev/2.13/v/literal_error
ReadResourceRequest.params.uri
  Field required [type=missing, input_value={}, input_type=dict]
    For further information visit https://errors.pydantic.dev/2.13/v/missing
SubscribeRequest.method
  Input should be 'resources/subscribe' [type=literal_error, input_value='notifications/initialized', input_type=str]
    For further information visit https://errors.pydantic.dev/2.13/v/literal_error
SubscribeRequest.params.uri
  Field required [type=missing, input_value={}, input_type=dict]
    For further information visit https://errors.pydantic.dev/2.13/v/missing
UnsubscribeRequest.method
  Input should be 'resources/unsubscribe' [type=literal_error, input_value='notifications/initialized', input_type=str]
    For further information visit https://errors.pydantic.dev/2.13/v/literal_error
UnsubscribeRequest.params.uri
  Field required [type=missing, input_value={}, input_type=dict]
    For further information visit https://errors.pydantic.dev/2.13/v/missing
CallToolRequest.method
  Input should be 'tools/call' [type=literal_error, input_value='notifications/initialized', input_type=str]
    For further information visit https://errors.pydantic.dev/2.13/v/literal_error
CallToolRequest.params.name
  Field required [type=missing, input_value={}, input_type=dict]
    For further information visit https://errors.pydantic.dev/2.13/v/missing
ListToolsRequest.method
  Input should be 'tools/list' [type=literal_error, input_value='notifications/initialized', input_type=str]
    For further information visit https://errors.pydantic.dev/2.13/v/literal_error
GetTaskRequest.method
  Input should be 'tasks/get' [type=literal_error, input_value='notifications/initialized', input_type=str]
    For further information visit https://errors.pydantic.dev/2.13/v/literal_error
GetTaskRequest.params.taskId
  Field required [type=missing, input_value={}, input_type=dict]
    For further information visit https://errors.pydantic.dev/2.13/v/missing
GetTaskPayloadRequest.method
  Input should be 'tasks/result' [type=literal_error, input_value='notifications/initialized', input_type=str]
    For further information visit https://errors.pydantic.dev/2.13/v/literal_error
GetTaskPayloadRequest.params.taskId
  Field required [type=missing, input_value={}, input_type=dict]
    For further information visit https://errors.pydantic.dev/2.13/v/missing
ListTasksRequest.method
  Input should be 'tasks/list' [type=literal_error, input_value='notifications/initialized', input_type=str]
    For further information visit https://errors.pydantic.dev/2.13/v/literal_error
CancelTaskRequest.method
  Input should be 'tasks/cancel' [type=literal_error, input_value='notifications/initialized', input_type=str]
    For further information visit https://errors.pydantic.dev/2.13/v/literal_error
CancelTaskRequest.params.taskId
  Field required [type=missing, input_value={}, input_type=dict]
    For further information visit https://errors.pydantic.dev/2.13/v/missing
2026-08-03 00:39:42,182 - transport.plugin_hub - INFO - Registered 34 tools for session 3bdfb7c9-98e4-40c3-9b3f-fde6bb857d2a
2026-08-03 00:39:42,183 - transport.plugin_hub - INFO - Server-level tool visibility synced from Unity: enabled=[animation, asset_gen, core, docs, probuilder, profiling, scripting_ext, testing, ui, vfx], disabled=[], total_transforms=19, unity_start=9
2026-08-03 00:39:42,189 - transport.plugin_hub - INFO - Sent tools/list_changed notification to 128 MCP session(s)
[08/03/26 00:42:23] DEBUG    Sending INFO to client: Listing     context.py:1446
                             Unity instances                                    
2026-08-03 00:44:07,826 - transport.plugin_hub - INFO - Plugin session 3bdfb7c9-98e4-40c3-9b3f-fde6bb857d2a disconnected (1005)
2026-08-03 00:44:07,828 - services.tools.refresh_unity - INFO - refresh_unity: Connection lost during compile (expected - domain reload triggered)
INFO:     127.0.0.1:55878 - "WebSocket /hub/plugin" [accepted]
INFO:     connection open
2026-08-03 00:44:09,824 - transport.plugin_hub - INFO - Plugin registered: Luoxia-Unity (d5eb6b2ef12e6fb8)
2026-08-03 00:44:10,013 - transport.plugin_hub - INFO - Registered 34 tools for session c504d285-5f4b-457c-85ad-a6389ca9f30c
2026-08-03 00:44:10,015 - transport.plugin_hub - INFO - Server-level tool visibility synced from Unity: enabled=[animation, asset_gen, core, docs, probuilder, profiling, scripting_ext, testing, ui, vfx], disabled=[], total_transforms=19, unity_start=9
2026-08-03 00:44:10,019 - transport.plugin_hub - INFO - Sent tools/list_changed notification to 128 MCP session(s)
2026-08-03 00:44:43,902 - transport.plugin_hub - INFO - Plugin session c504d285-5f4b-457c-85ad-a6389ca9f30c disconnected (1005)
2026-08-03 00:44:43,904 - services.tools.refresh_unity - INFO - refresh_unity: Connection lost during compile (expected - domain reload triggered)
INFO:     127.0.0.1:51849 - "WebSocket /hub/plugin" [accepted]
INFO:     connection open
2026-08-03 00:44:46,113 - transport.plugin_hub - INFO - Plugin registered: Luoxia-Unity (d5eb6b2ef12e6fb8)
2026-08-03 00:44:46,311 - transport.plugin_hub - INFO - Registered 34 tools for session 8ef6a83b-3d83-4800-8155-a9c953b8b2fc
2026-08-03 00:44:46,313 - transport.plugin_hub - INFO - Server-level tool visibility synced from Unity: enabled=[animation, asset_gen, core, docs, probuilder, profiling, scripting_ext, testing, ui, vfx], disabled=[], total_transforms=19, unity_start=9
2026-08-03 00:44:46,317 - transport.plugin_hub - INFO - Sent tools/list_changed notification to 128 MCP session(s)
[08/03/26 00:46:29] DEBUG    Sending INFO to client: Listing     context.py:1446
                             Unity instances                                    
2026-08-03 00:50:46,183 - transport.plugin_hub - INFO - Plugin session 8ef6a83b-3d83-4800-8155-a9c953b8b2fc disconnected (1005)
INFO:     127.0.0.1:60680 - "WebSocket /hub/plugin" [accepted]
INFO:     connection open
2026-08-03 00:50:46,273 - transport.plugin_hub - INFO - Plugin registered: Luoxia-Unity (d5eb6b2ef12e6fb8)
[08/03/26 00:51:03] DEBUG    Sending INFO to client: Listing     context.py:1446
                             Unity instances                                    
2026-08-03 00:51:26,280 - transport.plugin_hub - WARNING - [Ping] Failed to send ping to session d562c18b-0839-400d-b909-ba7f328ec73f: . Connection likely dead.
2026-08-03 00:51:26,296 - transport.plugin_hub - INFO - Plugin session d562c18b-0839-400d-b909-ba7f328ec73f disconnected (1005)
INFO:     127.0.0.1:54424 - "WebSocket /hub/plugin" [accepted]
INFO:     connection open
2026-08-03 00:51:31,334 - transport.plugin_hub - INFO - Plugin registered: Luoxia-Unity (d5eb6b2ef12e6fb8)
2026-08-03 00:51:49,454 - mcp.server.streamable_http_manager - INFO - Created new transport with session ID: bc74b8d3361c46c1aabd555f21ea4605
2026-08-03 00:51:49,462 - root - WARNING - Failed to validate request: 31 validation errors for ClientRequest
PingRequest.method
  Input should be 'ping' [type=literal_error, input_value='notifications/initialized', input_type=str]
    For further information visit https://errors.pydantic.dev/2.13/v/literal_error
InitializeRequest.method
  Input should be 'initialize' [type=literal_error, input_value='notifications/initialized', input_type=str]
    For further information visit https://errors.pydantic.dev/2.13/v/literal_error
InitializeRequest.params.protocolVersion
  Field required [type=missing, input_value={}, input_type=dict]
    For further information visit https://errors.pydantic.dev/2.13/v/missing
InitializeRequest.params.capabilities
  Field required [type=missing, input_value={}, input_type=dict]
    For further information visit https://errors.pydantic.dev/2.13/v/missing
InitializeRequest.params.clientInfo
  Field required [type=missing, input_value={}, input_type=dict]
    For further information visit https://errors.pydantic.dev/2.13/v/missing
CompleteRequest.method
  Input should be 'completion/complete' [type=literal_error, input_value='notifications/initialized', input_type=str]
    For further information visit https://errors.pydantic.dev/2.13/v/literal_error
CompleteRequest.params.ref
  Field required [type=missing, input_value={}, input_type=dict]
    For further information visit https://errors.pydantic.dev/2.13/v/missing
CompleteRequest.params.argument
  Field required [type=missing, input_value={}, input_type=dict]
    For further information visit https://errors.pydantic.dev/2.13/v/missing
SetLevelRequest.method
  Input should be 'logging/setLevel' [type=literal_error, input_value='notifications/initialized', input_type=str]
    For further information visit https://errors.pydantic.dev/2.13/v/literal_error
SetLevelRequest.params.level
  Field required [type=missing, input_value={}, input_type=dict]
    For further information visit https://errors.pydantic.dev/2.13/v/missing
GetPromptRequest.method
  Input should be 'prompts/get' [type=literal_error, input_value='notifications/initialized', input_type=str]
    For further information visit https://errors.pydantic.dev/2.13/v/literal_error
GetPromptRequest.params.name
  Field required [type=missing, input_value={}, input_type=dict]
    For further information visit https://errors.pydantic.dev/2.13/v/missing
ListPromptsRequest.method
  Input should be 'prompts/list' [type=literal_error, input_value='notifications/initialized', input_type=str]
    For further information visit https://errors.pydantic.dev/2.13/v/literal_error
ListResourcesRequest.method
  Input should be 'resources/list' [type=literal_error, input_value='notifications/initialized', input_type=str]
    For further information visit https://errors.pydantic.dev/2.13/v/literal_error
ListResourceTemplatesRequest.method
  Input should be 'resources/templates/list' [type=literal_error, input_value='notifications/initialized', input_type=str]
    For further information visit https://errors.pydantic.dev/2.13/v/literal_error
ReadResourceRequest.method
  Input should be 'resources/read' [type=literal_error, input_value='notifications/initialized', input_type=str]
    For further information visit https://errors.pydantic.dev/2.13/v/literal_error
ReadResourceRequest.params.uri
  Field required [type=missing, input_value={}, input_type=dict]
    For further information visit https://errors.pydantic.dev/2.13/v/missing
SubscribeRequest.method
  Input should be 'resources/subscribe' [type=literal_error, input_value='notifications/initialized', input_type=str]
    For further information visit https://errors.pydantic.dev/2.13/v/literal_error
SubscribeRequest.params.uri
  Field required [type=missing, input_value={}, input_type=dict]
    For further information visit https://errors.pydantic.dev/2.13/v/missing
UnsubscribeRequest.method
  Input should be 'resources/unsubscribe' [type=literal_error, input_value='notifications/initialized', input_type=str]
    For further information visit https://errors.pydantic.dev/2.13/v/literal_error
UnsubscribeRequest.params.uri
  Field required [type=missing, input_value={}, input_type=dict]
    For further information visit https://errors.pydantic.dev/2.13/v/missing
CallToolRequest.method
  Input should be 'tools/call' [type=literal_error, input_value='notifications/initialized', input_type=str]
    For further information visit https://errors.pydantic.dev/2.13/v/literal_error
CallToolRequest.params.name
  Field required [type=missing, input_value={}, input_type=dict]
    For further information visit https://errors.pydantic.dev/2.13/v/missing
ListToolsRequest.method
  Input should be 'tools/list' [type=literal_error, input_value='notifications/initialized', input_type=str]
    For further information visit https://errors.pydantic.dev/2.13/v/literal_error
GetTaskRequest.method
  Input should be 'tasks/get' [type=literal_error, input_value='notifications/initialized', input_type=str]
    For further information visit https://errors.pydantic.dev/2.13/v/literal_error
GetTaskRequest.params.taskId
  Field required [type=missing, input_value={}, input_type=dict]
    For further information visit https://errors.pydantic.dev/2.13/v/missing
GetTaskPayloadRequest.method
  Input should be 'tasks/result' [type=literal_error, input_value='notifications/initialized', input_type=str]
    For further information visit https://errors.pydantic.dev/2.13/v/literal_error
GetTaskPayloadRequest.params.taskId
  Field required [type=missing, input_value={}, input_type=dict]
    For further information visit https://errors.pydantic.dev/2.13/v/missing
ListTasksRequest.method
  Input should be 'tasks/list' [type=literal_error, input_value='notifications/initialized', input_type=str]
    For further information visit https://errors.pydantic.dev/2.13/v/literal_error
CancelTaskRequest.method
  Input should be 'tasks/cancel' [type=literal_error, input_value='notifications/initialized', input_type=str]
    For further information visit https://errors.pydantic.dev/2.13/v/literal_error
CancelTaskRequest.params.taskId
  Field required [type=missing, input_value={}, input_type=dict]
    For further information visit https://errors.pydantic.dev/2.13/v/missing
2026-08-03 00:52:11,330 - transport.plugin_hub - INFO - Plugin session 455b1302-d133-4cb7-8ccf-39f7dfa57a5e disconnected (1005)
INFO:     127.0.0.1:54957 - "WebSocket /hub/plugin" [accepted]
INFO:     connection open
2026-08-03 00:52:16,360 - transport.plugin_hub - INFO - Plugin registered: Luoxia-Unity (d5eb6b2ef12e6fb8)
2026-08-03 00:52:18,245 - mcp.server.streamable_http_manager - INFO - Created new transport with session ID: 0239c0741266403ea29637b4d7d9b1ab
2026-08-03 00:52:18,252 - root - WARNING - Failed to validate request: 31 validation errors for ClientRequest
PingRequest.method
  Input should be 'ping' [type=literal_error, input_value='notifications/initialized', input_type=str]
    For further information visit https://errors.pydantic.dev/2.13/v/literal_error
InitializeRequest.method
  Input should be 'initialize' [type=literal_error, input_value='notifications/initialized', input_type=str]
    For further information visit https://errors.pydantic.dev/2.13/v/literal_error
InitializeRequest.params.protocolVersion
  Field required [type=missing, input_value={}, input_type=dict]
    For further information visit https://errors.pydantic.dev/2.13/v/missing
InitializeRequest.params.capabilities
  Field required [type=missing, input_value={}, input_type=dict]
    For further information visit https://errors.pydantic.dev/2.13/v/missing
InitializeRequest.params.clientInfo
  Field required [type=missing, input_value={}, input_type=dict]
    For further information visit https://errors.pydantic.dev/2.13/v/missing
CompleteRequest.method
  Input should be 'completion/complete' [type=literal_error, input_value='notifications/initialized', input_type=str]
    For further information visit https://errors.pydantic.dev/2.13/v/literal_error
CompleteRequest.params.ref
  Field required [type=missing, input_value={}, input_type=dict]
    For further information visit https://errors.pydantic.dev/2.13/v/missing
CompleteRequest.params.argument
  Field required [type=missing, input_value={}, input_type=dict]
    For further information visit https://errors.pydantic.dev/2.13/v/missing
SetLevelRequest.method
  Input should be 'logging/setLevel' [type=literal_error, input_value='notifications/initialized', input_type=str]
    For further information visit https://errors.pydantic.dev/2.13/v/literal_error
SetLevelRequest.params.level
  Field required [type=missing, input_value={}, input_type=dict]
    For further information visit https://errors.pydantic.dev/2.13/v/missing
GetPromptRequest.method
  Input should be 'prompts/get' [type=literal_error, input_value='notifications/initialized', input_type=str]
    For further information visit https://errors.pydantic.dev/2.13/v/literal_error
GetPromptRequest.params.name
  Field required [type=missing, input_value={}, input_type=dict]
    For further information visit https://errors.pydantic.dev/2.13/v/missing
ListPromptsRequest.method
  Input should be 'prompts/list' [type=literal_error, input_value='notifications/initialized', input_type=str]
    For further information visit https://errors.pydantic.dev/2.13/v/literal_error
ListResourcesRequest.method
  Input should be 'resources/list' [type=literal_error, input_value='notifications/initialized', input_type=str]
    For further information visit https://errors.pydantic.dev/2.13/v/literal_error
ListResourceTemplatesRequest.method
  Input should be 'resources/templates/list' [type=literal_error, input_value='notifications/initialized', input_type=str]
    For further information visit https://errors.pydantic.dev/2.13/v/literal_error
ReadResourceRequest.method
  Input should be 'resources/read' [type=literal_error, input_value='notifications/initialized', input_type=str]
    For further information visit https://errors.pydantic.dev/2.13/v/literal_error
ReadResourceRequest.params.uri
  Field required [type=missing, input_value={}, input_type=dict]
    For further information visit https://errors.pydantic.dev/2.13/v/missing
SubscribeRequest.method
  Input should be 'resources/subscribe' [type=literal_error, input_value='notifications/initialized', input_type=str]
    For further information visit https://errors.pydantic.dev/2.13/v/literal_error
SubscribeRequest.params.uri
  Field required [type=missing, input_value={}, input_type=dict]
    For further information visit https://errors.pydantic.dev/2.13/v/missing
UnsubscribeRequest.method
  Input should be 'resources/unsubscribe' [type=literal_error, input_value='notifications/initialized', input_type=str]
    For further information visit https://errors.pydantic.dev/2.13/v/literal_error
UnsubscribeRequest.params.uri
  Field required [type=missing, input_value={}, input_type=dict]
    For further information visit https://errors.pydantic.dev/2.13/v/missing
CallToolRequest.method
  Input should be 'tools/call' [type=literal_error, input_value='notifications/initialized', input_type=str]
    For further information visit https://errors.pydantic.dev/2.13/v/literal_error
CallToolRequest.params.name
  Field required [type=missing, input_value={}, input_type=dict]
    For further information visit https://errors.pydantic.dev/2.13/v/missing
ListToolsRequest.method
  Input should be 'tools/list' [type=literal_error, input_value='notifications/initialized', input_type=str]
    For further information visit https://errors.pydantic.dev/2.13/v/literal_error
GetTaskRequest.method
  Input should be 'tasks/get' [type=literal_error, input_value='notifications/initialized', input_type=str]
    For further information visit https://errors.pydantic.dev/2.13/v/literal_error
GetTaskRequest.params.taskId
  Field required [type=missing, input_value={}, input_type=dict]
    For further information visit https://errors.pydantic.dev/2.13/v/missing
GetTaskPayloadRequest.method
  Input should be 'tasks/result' [type=literal_error, input_value='notifications/initialized', input_type=str]
    For further information visit https://errors.pydantic.dev/2.13/v/literal_error
GetTaskPayloadRequest.params.taskId
  Field required [type=missing, input_value={}, input_type=dict]
    For further information visit https://errors.pydantic.dev/2.13/v/missing
ListTasksRequest.method
  Input should be 'tasks/list' [type=literal_error, input_value='notifications/initialized', input_type=str]
    For further information visit https://errors.pydantic.dev/2.13/v/literal_error
CancelTaskRequest.method
  Input should be 'tasks/cancel' [type=literal_error, input_value='notifications/initialized', input_type=str]
    For further information visit https://errors.pydantic.dev/2.13/v/literal_error
CancelTaskRequest.params.taskId
  Field required [type=missing, input_value={}, input_type=dict]
    For further information visit https://errors.pydantic.dev/2.13/v/missing
2026-08-03 00:52:56,374 - transport.plugin_hub - INFO - Plugin session 0a44aa9f-2282-4f6f-94d8-49e16d759542 disconnected (1005)
INFO:     127.0.0.1:54691 - "WebSocket /hub/plugin" [accepted]
INFO:     connection open
2026-08-03 00:53:01,412 - transport.plugin_hub - INFO - Plugin registered: Luoxia-Unity (d5eb6b2ef12e6fb8)
2026-08-03 00:53:41,406 - transport.plugin_hub - INFO - Plugin session c15b8fc6-d8f6-42ac-b715-1fbbd7c76b50 disconnected (1005)
INFO:     127.0.0.1:59275 - "WebSocket /hub/plugin" [accepted]
INFO:     connection open
2026-08-03 00:53:46,457 - transport.plugin_hub - INFO - Plugin registered: Luoxia-Unity (d5eb6b2ef12e6fb8)
2026-08-03 00:54:22,815 - mcp.server.streamable_http_manager - INFO - Created new transport with session ID: 518388906c704786bf45ed4e3b1cc3f8
2026-08-03 00:54:22,822 - root - WARNING - Failed to validate request: 31 validation errors for ClientRequest
PingRequest.method
  Input should be 'ping' [type=literal_error, input_value='notifications/initialized', input_type=str]
    For further information visit https://errors.pydantic.dev/2.13/v/literal_error
InitializeRequest.method
  Input should be 'initialize' [type=literal_error, input_value='notifications/initialized', input_type=str]
    For further information visit https://errors.pydantic.dev/2.13/v/literal_error
InitializeRequest.params.protocolVersion
  Field required [type=missing, input_value={}, input_type=dict]
    For further information visit https://errors.pydantic.dev/2.13/v/missing
InitializeRequest.params.capabilities
  Field required [type=missing, input_value={}, input_type=dict]
    For further information visit https://errors.pydantic.dev/2.13/v/missing
InitializeRequest.params.clientInfo
  Field required [type=missing, input_value={}, input_type=dict]
    For further information visit https://errors.pydantic.dev/2.13/v/missing
CompleteRequest.method
  Input should be 'completion/complete' [type=literal_error, input_value='notifications/initialized', input_type=str]
    For further information visit https://errors.pydantic.dev/2.13/v/literal_error
CompleteRequest.params.ref
  Field required [type=missing, input_value={}, input_type=dict]
    For further information visit https://errors.pydantic.dev/2.13/v/missing
CompleteRequest.params.argument
  Field required [type=missing, input_value={}, input_type=dict]
    For further information visit https://errors.pydantic.dev/2.13/v/missing
SetLevelRequest.method
  Input should be 'logging/setLevel' [type=literal_error, input_value='notifications/initialized', input_type=str]
    For further information visit https://errors.pydantic.dev/2.13/v/literal_error
SetLevelRequest.params.level
  Field required [type=missing, input_value={}, input_type=dict]
    For further information visit https://errors.pydantic.dev/2.13/v/missing
GetPromptRequest.method
  Input should be 'prompts/get' [type=literal_error, input_value='notifications/initialized', input_type=str]
    For further information visit https://errors.pydantic.dev/2.13/v/literal_error
GetPromptRequest.params.name
  Field required [type=missing, input_value={}, input_type=dict]
    For further information visit https://errors.pydantic.dev/2.13/v/missing
ListPromptsRequest.method
  Input should be 'prompts/list' [type=literal_error, input_value='notifications/initialized', input_type=str]
    For further information visit https://errors.pydantic.dev/2.13/v/literal_error
ListResourcesRequest.method
  Input should be 'resources/list' [type=literal_error, input_value='notifications/initialized', input_type=str]
    For further information visit https://errors.pydantic.dev/2.13/v/literal_error
ListResourceTemplatesRequest.method
  Input should be 'resources/templates/list' [type=literal_error, input_value='notifications/initialized', input_type=str]
    For further information visit https://errors.pydantic.dev/2.13/v/literal_error
ReadResourceRequest.method
  Input should be 'resources/read' [type=literal_error, input_value='notifications/initialized', input_type=str]
    For further information visit https://errors.pydantic.dev/2.13/v/literal_error
ReadResourceRequest.params.uri
  Field required [type=missing, input_value={}, input_type=dict]
    For further information visit https://errors.pydantic.dev/2.13/v/missing
SubscribeRequest.method
  Input should be 'resources/subscribe' [type=literal_error, input_value='notifications/initialized', input_type=str]
    For further information visit https://errors.pydantic.dev/2.13/v/literal_error
SubscribeRequest.params.uri
  Field required [type=missing, input_value={}, input_type=dict]
    For further information visit https://errors.pydantic.dev/2.13/v/missing
UnsubscribeRequest.method
  Input should be 'resources/unsubscribe' [type=literal_error, input_value='notifications/initialized', input_type=str]
    For further information visit https://errors.pydantic.dev/2.13/v/literal_error
UnsubscribeRequest.params.uri
  Field required [type=missing, input_value={}, input_type=dict]
    For further information visit https://errors.pydantic.dev/2.13/v/missing
CallToolRequest.method
  Input should be 'tools/call' [type=literal_error, input_value='notifications/initialized', input_type=str]
    For further information visit https://errors.pydantic.dev/2.13/v/literal_error
CallToolRequest.params.name
  Field required [type=missing, input_value={}, input_type=dict]
    For further information visit https://errors.pydantic.dev/2.13/v/missing
ListToolsRequest.method
  Input should be 'tools/list' [type=literal_error, input_value='notifications/initialized', input_type=str]
    For further information visit https://errors.pydantic.dev/2.13/v/literal_error
GetTaskRequest.method
  Input should be 'tasks/get' [type=literal_error, input_value='notifications/initialized', input_type=str]
    For further information visit https://errors.pydantic.dev/2.13/v/literal_error
GetTaskRequest.params.taskId
  Field required [type=missing, input_value={}, input_type=dict]
    For further information visit https://errors.pydantic.dev/2.13/v/missing
GetTaskPayloadRequest.method
  Input should be 'tasks/result' [type=literal_error, input_value='notifications/initialized', input_type=str]
    For further information visit https://errors.pydantic.dev/2.13/v/literal_error
GetTaskPayloadRequest.params.taskId
  Field required [type=missing, input_value={}, input_type=dict]
    For further information visit https://errors.pydantic.dev/2.13/v/missing
ListTasksRequest.method
  Input should be 'tasks/list' [type=literal_error, input_value='notifications/initialized', input_type=str]
    For further information visit https://errors.pydantic.dev/2.13/v/literal_error
CancelTaskRequest.method
  Input should be 'tasks/cancel' [type=literal_error, input_value='notifications/initialized', input_type=str]
    For further information visit https://errors.pydantic.dev/2.13/v/literal_error
CancelTaskRequest.params.taskId
  Field required [type=missing, input_value={}, input_type=dict]
    For further information visit https://errors.pydantic.dev/2.13/v/missing
2026-08-03 00:54:26,438 - transport.plugin_hub - INFO - Plugin session c48d5077-05bb-4490-b6e5-06a62597f628 disconnected (1005)
INFO:     127.0.0.1:49808 - "WebSocket /hub/plugin" [accepted]
INFO:     connection open
2026-08-03 00:54:31,513 - transport.plugin_hub - INFO - Plugin registered: Luoxia-Unity (d5eb6b2ef12e6fb8)
2026-08-03 00:55:11,510 - transport.plugin_hub - WARNING - [Ping] Failed to send ping to session ec08408b-6eaf-44eb-b618-e307a36d1f42: Unexpected ASGI message 'websocket.send', after sending 'websocket.close'.. Connection likely dead.
2026-08-03 00:55:11,516 - transport.plugin_hub - INFO - Plugin session ec08408b-6eaf-44eb-b618-e307a36d1f42 disconnected (1005)
INFO:     127.0.0.1:57165 - "WebSocket /hub/plugin" [accepted]
INFO:     connection open
2026-08-03 00:55:16,566 - transport.plugin_hub - INFO - Plugin registered: Luoxia-Unity (d5eb6b2ef12e6fb8)
2026-08-03 00:55:56,564 - transport.plugin_hub - WARNING - [Ping] Failed to send ping to session 575659ec-ec44-4fe9-9523-f666ba36dff5: Unexpected ASGI message 'websocket.send', after sending 'websocket.close'.. Connection likely dead.
2026-08-03 00:55:56,569 - transport.plugin_hub - INFO - Plugin session 575659ec-ec44-4fe9-9523-f666ba36dff5 disconnected (1005)
INFO:     127.0.0.1:57273 - "WebSocket /hub/plugin" [accepted]
INFO:     connection open
2026-08-03 00:56:01,600 - transport.plugin_hub - INFO - Plugin registered: Luoxia-Unity (d5eb6b2ef12e6fb8)
2026-08-03 00:56:41,599 - transport.plugin_hub - WARNING - [Ping] Failed to send ping to session f805042b-6787-4242-ade6-74ccc5b0a217: . Connection likely dead.
2026-08-03 00:56:41,603 - transport.plugin_hub - INFO - Plugin session f805042b-6787-4242-ade6-74ccc5b0a217 disconnected (1005)
INFO:     127.0.0.1:63476 - "WebSocket /hub/plugin" [accepted]
INFO:     connection open
2026-08-03 00:56:46,634 - transport.plugin_hub - INFO - Plugin registered: Luoxia-Unity (d5eb6b2ef12e6fb8)
2026-08-03 00:57:26,627 - transport.plugin_hub - WARNING - [Ping] Failed to send ping to session 8fb52088-02e9-4a0d-acec-63b18a557d63: Unexpected ASGI message 'websocket.send', after sending 'websocket.close'.. Connection likely dead.
2026-08-03 00:57:26,631 - transport.plugin_hub - INFO - Plugin session 8fb52088-02e9-4a0d-acec-63b18a557d63 disconnected (1005)
INFO:     127.0.0.1:63213 - "WebSocket /hub/plugin" [accepted]
INFO:     connection open
2026-08-03 00:57:31,667 - transport.plugin_hub - INFO - Plugin registered: Luoxia-Unity (d5eb6b2ef12e6fb8)
2026-08-03 00:58:11,680 - transport.plugin_hub - WARNING - [Ping] Failed to send ping to session df7fbe82-f18c-4076-91f6-82318cc19744: . Connection likely dead.
2026-08-03 00:58:11,714 - transport.plugin_hub - INFO - Plugin session df7fbe82-f18c-4076-91f6-82318cc19744 disconnected (1005)
INFO:     127.0.0.1:63298 - "WebSocket /hub/plugin" [accepted]
INFO:     connection open
2026-08-03 00:58:16,709 - transport.plugin_hub - INFO - Plugin registered: Luoxia-Unity (d5eb6b2ef12e6fb8)
2026-08-03 00:58:56,701 - transport.plugin_hub - INFO - Plugin session 1b709154-09ce-4ccb-bc7b-e0c5b06e1ecb disconnected (1005)
INFO:     127.0.0.1:63700 - "WebSocket /hub/plugin" [accepted]
INFO:     connection open
2026-08-03 00:59:01,754 - transport.plugin_hub - INFO - Plugin registered: Luoxia-Unity (d5eb6b2ef12e6fb8)
2026-08-03 00:59:41,762 - transport.plugin_hub - WARNING - [Ping] Failed to send ping to session 065711ea-f2ff-46cb-bc3b-3ac7b99c99ae: Unexpected ASGI message 'websocket.send', after sending 'websocket.close'.. Connection likely dead.
2026-08-03 00:59:41,766 - transport.plugin_hub - INFO - Plugin session 065711ea-f2ff-46cb-bc3b-3ac7b99c99ae disconnected (1005)
INFO:     127.0.0.1:55179 - "WebSocket /hub/plugin" [accepted]
INFO:     connection open
2026-08-03 00:59:46,780 - transport.plugin_hub - INFO - Plugin registered: Luoxia-Unity (d5eb6b2ef12e6fb8)
2026-08-03 01:00:15,758 - transport.plugin_hub - INFO - Registered 34 tools for session cca9c0ba-8659-4ff3-8239-098d9b05bd57
2026-08-03 01:00:15,766 - transport.plugin_hub - INFO - Server-level tool visibility synced from Unity: enabled=[animation, asset_gen, core, docs, probuilder, profiling, scripting_ext, testing, ui, vfx], disabled=[], total_transforms=19, unity_start=9
2026-08-03 01:00:15,772 - transport.plugin_hub - INFO - Sent tools/list_changed notification to 131 MCP session(s)
